[DisplayManager] DisplayImages(startIndex=0, DisplayCount=2, ImagePaths.Count=1919)
[DisplayManager] pictureBoxes.Length=2, count=2
[DisplayManager] cols=2, count=2
[DisplayManager] i=0, imgIdx=1, imagePath=00001.jpg
[DisplayManager] LoadImageIntoPictureBox(imagePath=C:\Users\fc3c1\AppData\Local\MangaViewer\CBZCache\3785aa2067e17691625dd0940617277e\00001.jpg)
[DisplayManager] i=1, imgIdx=0, imagePath=large_140801.jpg
[DisplayManager] LoadImageIntoPictureBox(imagePath=O:\NEW\[江口連×双葉もも] とんでもスキルで異世界放浪メシ 再再スキャン\large_140801.jpg)
[DisplayManager] DisplayImages(startIndex=0, DisplayCount=2, ImagePaths.Count=1919)
[DisplayManager] pictureBoxes.Length=2, count=2
[DisplayManager] cols=2, count=2
[DisplayManager] i=0, imgIdx=1, imagePath=00001.jpg
[DisplayManager] LoadImageIntoPictureBox(imagePath=C:\Users\fc3c1\AppData\Local\MangaViewer\CBZCache\3785aa2067e17691625dd0940617277e\00001.jpg)
[DisplayManager] i=1, imgIdx=0, imagePath=large_140801.jpg
[DisplayManager] LoadImageIntoPictureBox(imagePath=O:\NEW\[江口連×双葉もも] とんでもスキルで異世界放浪メシ 再再スキャン\large_140801.jpg)
[DisplayManager] DisplayImages(startIndex=0, DisplayCount=2, ImagePaths.Count=1919)
[DisplayManager] pictureBoxes.Length=2, count=2
[DisplayManager] cols=2, count=2
[DisplayManager] i=0, imgIdx=1, imagePath=00001.jpg
[DisplayManager] LoadImageIntoPictureBox(imagePath=C:\Users\fc3c1\AppData\Local\MangaViewer\CBZCache\3785aa2067e17691625dd0940617277e\00001.jpg)
[DisplayManager] i=1, imgIdx=0, imagePath=large_140801.jpg
[DisplayManager] LoadImageIntoPictureBox(imagePath=O:\NEW\[江口連×双葉もも] とんでもスキルで異世界放浪メシ 再再スキャン\large_140801.jpg)
[DisplayManager] DisplayImages(startIndex=0, DisplayCount=2, ImagePaths.Count=1919)
[DisplayManager] pictureBoxes.Length=2, count=2
[DisplayManager] cols=2, count=2
[DisplayManager] i=0, imgIdx=1, imagePath=00001.jpg
[DisplayManager] LoadImageIntoPictureBox(imagePath=C:\Users\fc3c1\AppData\Local\MangaViewer\CBZCache\3785aa2067e17691625dd0940617277e\00001.jpg)
[DisplayManager] i=1, imgIdx=0, imagePath=large_140801.jpg
[DisplayManager] LoadImageIntoPictureBox(imagePath=O:\NEW\[江口連×双葉もも] とんでもスキルで異世界放浪メシ 再再スキャン\large_140801.jpg)
[DisplayManager] DisplayImages(startIndex=0, DisplayCount=2, ImagePaths.Count=1919)
[DisplayManager] pictureBoxes.Length=2, count=2
[DisplayManager] cols=2, count=2
[DisplayManager] i=0, imgIdx=1, imagePath=00001.jpg
[DisplayManager] LoadImageIntoPictureBox(imagePath=C:\Users\fc3c1\AppData\Local\MangaViewer\CBZCache\3785aa2067e17691625dd0940617277e\00001.jpg)
[DisplayManager] i=1, imgIdx=0, imagePath=large_140801.jpg
[DisplayManager] LoadImageIntoPictureBox(imagePath=O:\NEW\[江口連×双葉もも] とんでもスキルで異世界放浪メシ 再再スキャン\large_140801.jpg)
[DisplayManager] DisplayImages(startIndex=0, DisplayCount=2, ImagePaths.Count=1919)
[DisplayManager] pictureBoxes.Length=2, count=2
[DisplayManager] cols=2, count=2
[DisplayManager] i=0, imgIdx=1, imagePath=00001.jpg
[DisplayManager] LoadImageIntoPictureBox(imagePath=C:\Users\fc3c1\AppData\Local\MangaViewer\CBZCache\3785aa2067e17691625dd0940617277e\00001.jpg)
[DisplayManager] i=1, imgIdx=0, imagePath=large_140801.jpg
[DisplayManager] LoadImageIntoPictureBox(imagePath=O:\NEW\[江口連×双葉もも] とんでもスキルで異世界放浪メシ 再再スキャン\large_140801.jpg)
[DisplayManager] DisplayImages(startIndex=0, DisplayCount=2, ImagePaths.Count=1919)
[DisplayManager] pictureBoxes.Length=2, count=2
[DisplayManager] cols=2, count=2
[DisplayManager] i=0, imgIdx=1, imagePath=00001.jpg
[DisplayManager] LoadImageIntoPictureBox(imagePath=C:\Users\fc3c1\AppData\Local\MangaViewer\CBZCache\3785aa2067e17691625dd0940617277e\00001.jpg)
[DisplayManager] i=1, imgIdx=0, imagePath=large_140801.jpg
[DisplayManager] LoadImageIntoPictureBox(imagePath=O:\NEW\[江口連×双葉もも] とんでもスキルで異世界放浪メシ 再再スキャン\large_140801.jpg)
[DisplayManager] DisplayImages(startIndex=0, DisplayCount=2, ImagePaths.Count=1919)
[DisplayManager] pictureBoxes.Length=2, count=2
[DisplayManager] cols=2, count=2
[DisplayManager] i=0, imgIdx=1, imagePath=00001.jpg
[DisplayManager] LoadImageIntoPictureBox(imagePath=C:\Users\fc3c1\AppData\Local\MangaViewer\CBZCache\3785aa2067e17691625dd0940617277e\00001.jpg)
[DisplayManager] i=1, imgIdx=0, imagePath=large_140801.jpg
[DisplayManager] LoadImageIntoPictureBox(imagePath=O:\NEW\[江口連×双葉もも] とんでもスキルで異世界放浪メシ 再再スキャン\large_140801.jpg)
[DisplayManager] DisplayImages(startIndex=0, DisplayCount=2, ImagePaths.Count=167)
[DisplayManager] pictureBoxes.Length=2, count=2
[DisplayManager] cols=2, count=2
[DisplayManager] i=0, imgIdx=1, imagePath=00002.jpg
[DisplayManager] LoadImageIntoPictureBox(imagePath=C:\Users\fc3c1\AppData\Local\MangaViewer\CBZCache\77f64cd7ef5596a437c76fe9db330d4e\00002.jpg)
[DisplayManager] i=1, imgIdx=0, imagePath=00001.jpg
[DisplayManager] LoadImageIntoPictureBox(imagePath=C:\Users\fc3c1\AppData\Local\MangaViewer\CBZCache\77f64cd7ef5596a437c76fe9db330d4e\00001.jpg)
[DisplayManager] DisplayImages(startIndex=2, DisplayCount=2, ImagePaths.Count=167)
[DisplayManager] pictureBoxes.Length=2, count=2
[DisplayManager] cols=2, count=2
[DisplayManager] i=0, imgIdx=3, imagePath=00004.jpg
[DisplayManager] LoadImageIntoPictureBox(imagePath=C:\Users\fc3c1\AppData\Local\MangaViewer\CBZCache\77f64cd7ef5596a437c76fe9db330d4e\00004.jpg)
[DisplayManager] i=1, imgIdx=2, imagePath=00003.jpg
[DisplayManager] LoadImageIntoPictureBox(imagePath=C:\Users\fc3c1\AppData\Local\MangaViewer\CBZCache\77f64cd7ef5596a437c76fe9db330d4e\00003.jpg)
[DisplayManager] DisplayImages(startIndex=4, DisplayCount=2, ImagePaths.Count=167)
[DisplayManager] pictureBoxes.Length=2, count=2
[DisplayManager] cols=2, count=2
[DisplayManager] i=0, imgIdx=5, imagePath=00006.jpg
[DisplayManager] LoadImageIntoPictureBox(imagePath=C:\Users\fc3c1\AppData\Local\MangaViewer\CBZCache\77f64cd7ef5596a437c76fe9db330d4e\00006.jpg)
[DisplayManager] i=1, imgIdx=4, imagePath=00005.jpg
[DisplayManager] LoadImageIntoPictureBox(imagePath=C:\Users\fc3c1\AppData\Local\MangaViewer\CBZCache\77f64cd7ef5596a437c76fe9db330d4e\00005.jpg)
[DisplayManager] DisplayImages(startIndex=6, DisplayCount=2, ImagePaths.Count=167)
[DisplayManager] pictureBoxes.Length=2, count=2
[DisplayManager] cols=2, count=2
[DisplayManager] i=0, imgIdx=7, imagePath=00008.jpg
[DisplayManager] LoadImageIntoPictureBox(imagePath=C:\Users\fc3c1\AppData\Local\MangaViewer\CBZCache\77f64cd7ef5596a437c76fe9db330d4e\00008.jpg)
[DisplayManager] i=1, imgIdx=6, imagePath=00007.jpg
[DisplayManager] LoadImageIntoPictureBox(imagePath=C:\Users\fc3c1\AppData\Local\MangaViewer\CBZCache\77f64cd7ef5596a437c76fe9db330d4e\00007.jpg)
[DisplayManager] DisplayImages(startIndex=8, DisplayCount=2, ImagePaths.Count=167)
[DisplayManager] pictureBoxes.Length=2, count=2
[DisplayManager] cols=2, count=2
[DisplayManager] i=0, imgIdx=9, imagePath=00010.jpg
[DisplayManager] LoadImageIntoPictureBox(imagePath=C:\Users\fc3c1\AppData\Local\MangaViewer\CBZCache\77f64cd7ef5596a437c76fe9db330d4e\00010.jpg)
[DisplayManager] i=1, imgIdx=8, imagePath=00009.jpg
[DisplayManager] LoadImageIntoPictureBox(imagePath=C:\Users\fc3c1\AppData\Local\MangaViewer\CBZCache\77f64cd7ef5596a437c76fe9db330d4e\00009.jpg)
[DisplayManager] DisplayImages(startIndex=10, DisplayCount=2, ImagePaths.Count=167)
[DisplayManager] pictureBoxes.Length=2, count=2
[DisplayManager] cols=2, count=2
[DisplayManager] i=0, imgIdx=11, imagePath=00012.jpg
[DisplayManager] LoadImageIntoPictureBox(imagePath=C:\Users\fc3c1\AppData\Local\MangaViewer\CBZCache\77f64cd7ef5596a437c76fe9db330d4e\00012.jpg)
[DisplayManager] i=1, imgIdx=10, imagePath=00011.jpg
[DisplayManager] LoadImageIntoPictureBox(imagePath=C:\Users\fc3c1\AppData\Local\MangaViewer\CBZCache\77f64cd7ef5596a437c76fe9db330d4e\00011.jpg)
[DisplayManager] DisplayImages(startIndex=12, DisplayCount=2, ImagePaths.Count=167)
[DisplayManager] pictureBoxes.Length=2, count=2
[DisplayManager] cols=2, count=2
[DisplayManager] i=0, imgIdx=13, imagePath=00014.jpg
[DisplayManager] LoadImageIntoPictureBox(imagePath=C:\Users\fc3c1\AppData\Local\MangaViewer\CBZCache\77f64cd7ef5596a437c76fe9db330d4e\00014.jpg)
[DisplayManager] i=1, imgIdx=12, imagePath=00013.jpg
[DisplayManager] LoadImageIntoPictureBox(imagePath=C:\Users\fc3c1\AppData\Local\MangaViewer\CBZCache\77f64cd7ef5596a437c76fe9db330d4e\00013.jpg)
[DisplayManager] DisplayImages(startIndex=14, DisplayCount=2, ImagePaths.Count=167)
[DisplayManager] pictureBoxes.Length=2, count=2
[DisplayManager] cols=2, count=2
[DisplayManager] i=0, imgIdx=15, imagePath=00016.jpg
[DisplayManager] LoadImageIntoPictureBox(imagePath=C:\Users\fc3c1\AppData\Local\MangaViewer\CBZCache\77f64cd7ef5596a437c76fe9db330d4e\00016.jpg)
[DisplayManager] i=1, imgIdx=14, imagePath=00015.jpg
[DisplayManager] LoadImageIntoPictureBox(imagePath=C:\Users\fc3c1\AppData\Local\MangaViewer\CBZCache\77f64cd7ef5596a437c76fe9db330d4e\00015.jpg)
[DisplayManager] DisplayImages(startIndex=12, DisplayCount=2, ImagePaths.Count=167)
[DisplayManager] pictureBoxes.Length=2, count=2
[DisplayManager] cols=2, count=2
[DisplayManager] i=0, imgIdx=13, imagePath=00014.jpg
[DisplayManager] LoadImageIntoPictureBox(imagePath=C:\Users\fc3c1\AppData\Local\MangaViewer\CBZCache\77f64cd7ef5596a437c76fe9db330d4e\00014.jpg)
[DisplayManager] i=1, imgIdx=12, imagePath=00013.jpg
[DisplayManager] LoadImageIntoPictureBox(imagePath=C:\Users\fc3c1\AppData\Local\MangaViewer\CBZCache\77f64cd7ef5596a437c76fe9db330d4e\00013.jpg)
[DisplayManager] DisplayImages(startIndex=14, DisplayCount=2, ImagePaths.Count=167)
[DisplayManager] pictureBoxes.Length=2, count=2
[DisplayManager] cols=2, count=2
[DisplayManager] i=0, imgIdx=15, imagePath=00016.jpg
[DisplayManager] LoadImageIntoPictureBox(imagePath=C:\Users\fc3c1\AppData\Local\MangaViewer\CBZCache\77f64cd7ef5596a437c76fe9db330d4e\00016.jpg)
[DisplayManager] i=1, imgIdx=14, imagePath=00015.jpg
[DisplayManager] LoadImageIntoPictureBox(imagePath=C:\Users\fc3c1\AppData\Local\MangaViewer\CBZCache\77f64cd7ef5596a437c76fe9db330d4e\00015.jpg)
[DisplayManager] DisplayImages(startIndex=16, DisplayCount=2, ImagePaths.Count=167)
[DisplayManager] pictureBoxes.Length=2, count=2
[DisplayManager] cols=2, count=2
[DisplayManager] i=0, imgIdx=17, imagePath=00018.jpg
[DisplayManager] LoadImageIntoPictureBox(imagePath=C:\Users\fc3c1\AppData\Local\MangaViewer\CBZCache\77f64cd7ef5596a437c76fe9db330d4e\00018.jpg)
[DisplayManager] i=1, imgIdx=16, imagePath=00017.jpg
[DisplayManager] LoadImageIntoPictureBox(imagePath=C:\Users\fc3c1\AppData\Local\MangaViewer\CBZCache\77f64cd7ef5596a437c76fe9db330d4e\00017.jpg)
[DisplayManager] DisplayImages(startIndex=18, DisplayCount=2, ImagePaths.Count=167)
[DisplayManager] pictureBoxes.Length=2, count=2
[DisplayManager] cols=2, count=2
[DisplayManager] i=0, imgIdx=19, imagePath=00020.jpg
[DisplayManager] LoadImageIntoPictureBox(imagePath=C:\Users\fc3c1\AppData\Local\MangaViewer\CBZCache\77f64cd7ef5596a437c76fe9db330d4e\00020.jpg)
[DisplayManager] i=1, imgIdx=18, imagePath=00019.jpg
[DisplayManager] LoadImageIntoPictureBox(imagePath=C:\Users\fc3c1\AppData\Local\MangaViewer\CBZCache\77f64cd7ef5596a437c76fe9db330d4e\00019.jpg)
[DisplayManager] DisplayImages(startIndex=20, DisplayCount=2, ImagePaths.Count=167)
[DisplayManager] pictureBoxes.Length=2, count=2
[DisplayManager] cols=2, count=2
[DisplayManager] i=0, imgIdx=21, imagePath=00022.jpg
[DisplayManager] LoadImageIntoPictureBox(imagePath=C:\Users\fc3c1\AppData\Local\MangaViewer\CBZCache\77f64cd7ef5596a437c76fe9db330d4e\00022.jpg)
[DisplayManager] i=1, imgIdx=20, imagePath=00021.jpg
[DisplayManager] LoadImageIntoPictureBox(imagePath=C:\Users\fc3c1\AppData\Local\MangaViewer\CBZCache\77f64cd7ef5596a437c76fe9db330d4e\00021.jpg)
[DisplayManager] DisplayImages(startIndex=22, DisplayCount=2, ImagePaths.Count=167)
[DisplayManager] pictureBoxes.Length=2, count=2
[DisplayManager] cols=2, count=2
[DisplayManager] i=0, imgIdx=23, imagePath=00024.jpg
[DisplayManager] LoadImageIntoPictureBox(imagePath=C:\Users\fc3c1\AppData\Local\MangaViewer\CBZCache\77f64cd7ef5596a437c76fe9db330d4e\00024.jpg)
[DisplayManager] i=1, imgIdx=22, imagePath=00023.jpg
[DisplayManager] LoadImageIntoPictureBox(imagePath=C:\Users\fc3c1\AppData\Local\MangaViewer\CBZCache\77f64cd7ef5596a437c76fe9db330d4e\00023.jpg)
[DisplayManager] DisplayImages(startIndex=24, DisplayCount=2, ImagePaths.Count=167)
[DisplayManager] pictureBoxes.Length=2, count=2
[DisplayManager] cols=2, count=2
[DisplayManager] i=0, imgIdx=25, imagePath=00026.jpg
[DisplayManager] LoadImageIntoPictureBox(imagePath=C:\Users\fc3c1\AppData\Local\MangaViewer\CBZCache\77f64cd7ef5596a437c76fe9db330d4e\00026.jpg)
[DisplayManager] i=1, imgIdx=24, imagePath=00025.jpg
[DisplayManager] LoadImageIntoPictureBox(imagePath=C:\Users\fc3c1\AppData\Local\MangaViewer\CBZCache\77f64cd7ef5596a437c76fe9db330d4e\00025.jpg)
[DisplayManager] DisplayImages(startIndex=26, DisplayCount=2, ImagePaths.Count=167)
[DisplayManager] pictureBoxes.Length=2, count=2
[DisplayManager] cols=2, count=2
[DisplayManager] i=0, imgIdx=27, imagePath=00028.jpg
[DisplayManager] LoadImageIntoPictureBox(imagePath=C:\Users\fc3c1\AppData\Local\MangaViewer\CBZCache\77f64cd7ef5596a437c76fe9db330d4e\00028.jpg)
[DisplayManager] i=1, imgIdx=26, imagePath=00027.jpg
[DisplayManager] LoadImageIntoPictureBox(imagePath=C:\Users\fc3c1\AppData\Local\MangaViewer\CBZCache\77f64cd7ef5596a437c76fe9db330d4e\00027.jpg)
[DisplayManager] DisplayImages(startIndex=28, DisplayCount=2, ImagePaths.Count=167)
[DisplayManager] pictureBoxes.Length=2, count=2
[DisplayManager] cols=2, count=2
[DisplayManager] i=0, imgIdx=29, imagePath=00030.jpg
[DisplayManager] LoadImageIntoPictureBox(imagePath=C:\Users\fc3c1\AppData\Local\MangaViewer\CBZCache\77f64cd7ef5596a437c76fe9db330d4e\00030.jpg)
[DisplayManager] i=1, imgIdx=28, imagePath=00029.jpg
[DisplayManager] LoadImageIntoPictureBox(imagePath=C:\Users\fc3c1\AppData\Local\MangaViewer\CBZCache\77f64cd7ef5596a437c76fe9db330d4e\00029.jpg)
[DisplayManager] DisplayImages(startIndex=30, DisplayCount=2, ImagePaths.Count=167)
[DisplayManager] pictureBoxes.Length=2, count=2
[DisplayManager] cols=2, count=2
[DisplayManager] i=0, imgIdx=31, imagePath=00032.jpg
[DisplayManager] LoadImageIntoPictureBox(imagePath=C:\Users\fc3c1\AppData\Local\MangaViewer\CBZCache\77f64cd7ef5596a437c76fe9db330d4e\00032.jpg)
[DisplayManager] i=1, imgIdx=30, imagePath=00031.jpg
[DisplayManager] LoadImageIntoPictureBox(imagePath=C:\Users\fc3c1\AppData\Local\MangaViewer\CBZCache\77f64cd7ef5596a437c76fe9db330d4e\00031.jpg)
[DisplayManager] DisplayImages(startIndex=32, DisplayCount=2, ImagePaths.Count=167)
[DisplayManager] pictureBoxes.Length=2, count=2
[DisplayManager] cols=2, count=2
[DisplayManager] i=0, imgIdx=33, imagePath=00034.jpg
[DisplayManager] LoadImageIntoPictureBox(imagePath=C:\Users\fc3c1\AppData\Local\MangaViewer\CBZCache\77f64cd7ef5596a437c76fe9db330d4e\00034.jpg)
[DisplayManager] i=1, imgIdx=32, imagePath=00033.jpg
[DisplayManager] LoadImageIntoPictureBox(imagePath=C:\Users\fc3c1\AppData\Local\MangaViewer\CBZCache\77f64cd7ef5596a437c76fe9db330d4e\00033.jpg)
[DisplayManager] DisplayImages(startIndex=34, DisplayCount=2, ImagePaths.Count=167)
[DisplayManager] pictureBoxes.Length=2, count=2
[DisplayManager] cols=2, count=2
[DisplayManager] i=0, imgIdx=35, imagePath=00036.jpg
[DisplayManager] LoadImageIntoPictureBox(imagePath=C:\Users\fc3c1\AppData\Local\MangaViewer\CBZCache\77f64cd7ef5596a437c76fe9db330d4e\00036.jpg)
[DisplayManager] i=1, imgIdx=34, imagePath=00035.jpg
[DisplayManager] LoadImageIntoPictureBox(imagePath=C:\Users\fc3c1\AppData\Local\MangaViewer\CBZCache\77f64cd7ef5596a437c76fe9db330d4e\00035.jpg)
[DisplayManager] DisplayImages(startIndex=36, DisplayCount=2, ImagePaths.Count=167)
[DisplayManager] pictureBoxes.Length=2, count=2
[DisplayManager] cols=2, count=2
[DisplayManager] i=0, imgIdx=37, imagePath=00038.jpg
[DisplayManager] LoadImageIntoPictureBox(imagePath=C:\Users\fc3c1\AppData\Local\MangaViewer\CBZCache\77f64cd7ef5596a437c76fe9db330d4e\00038.jpg)
[DisplayManager] i=1, imgIdx=36, imagePath=00037.jpg
[DisplayManager] LoadImageIntoPictureBox(imagePath=C:\Users\fc3c1\AppData\Local\MangaViewer\CBZCache\77f64cd7ef5596a437c76fe9db330d4e\00037.jpg)
[DisplayManager] DisplayImages(startIndex=38, DisplayCount=2, ImagePaths.Count=167)
[DisplayManager] pictureBoxes.Length=2, count=2
[DisplayManager] cols=2, count=2
[DisplayManager] i=0, imgIdx=39, imagePath=00040.jpg
[DisplayManager] LoadImageIntoPictureBox(imagePath=C:\Users\fc3c1\AppData\Local\MangaViewer\CBZCache\77f64cd7ef5596a437c76fe9db330d4e\00040.jpg)
[DisplayManager] i=1, imgIdx=38, imagePath=00039.jpg
[DisplayManager] LoadImageIntoPictureBox(imagePath=C:\Users\fc3c1\AppData\Local\MangaViewer\CBZCache\77f64cd7ef5596a437c76fe9db330d4e\00039.jpg)
[DisplayManager] DisplayImages(startIndex=40, DisplayCount=2, ImagePaths.Count=167)
[DisplayManager] pictureBoxes.Length=2, count=2
[DisplayManager] cols=2, count=2
[DisplayManager] i=0, imgIdx=41, imagePath=00042.jpg
[DisplayManager] LoadImageIntoPictureBox(imagePath=C:\Users\fc3c1\AppData\Local\MangaViewer\CBZCache\77f64cd7ef5596a437c76fe9db330d4e\00042.jpg)
[DisplayManager] i=1, imgIdx=40, imagePath=00041.jpg
[DisplayManager] LoadImageIntoPictureBox(imagePath=C:\Users\fc3c1\AppData\Local\MangaViewer\CBZCache\77f64cd7ef5596a437c76fe9db330d4e\00041.jpg)
[DisplayManager] DisplayImages(startIndex=42, DisplayCount=2, ImagePaths.Count=167)
[DisplayManager] pictureBoxes.Length=2, count=2
[DisplayManager] cols=2, count=2
[DisplayManager] i=0, imgIdx=43, imagePath=00044.jpg
[DisplayManager] LoadImageIntoPictureBox(imagePath=C:\Users\fc3c1\AppData\Local\MangaViewer\CBZCache\77f64cd7ef5596a437c76fe9db330d4e\00044.jpg)
[DisplayManager] i=1, imgIdx=42, imagePath=00043.jpg
[DisplayManager] LoadImageIntoPictureBox(imagePath=C:\Users\fc3c1\AppData\Local\MangaViewer\CBZCache\77f64cd7ef5596a437c76fe9db330d4e\00043.jpg)
[DisplayManager] DisplayImages(startIndex=44, DisplayCount=2, ImagePaths.Count=167)
[DisplayManager] pictureBoxes.Length=2, count=2
[DisplayManager] cols=2, count=2
[DisplayManager] i=0, imgIdx=45, imagePath=00046.jpg
[DisplayManager] LoadImageIntoPictureBox(imagePath=C:\Users\fc3c1\AppData\Local\MangaViewer\CBZCache\77f64cd7ef5596a437c76fe9db330d4e\00046.jpg)
[DisplayManager] i=1, imgIdx=44, imagePath=00045.jpg
[DisplayManager] LoadImageIntoPictureBox(imagePath=C:\Users\fc3c1\AppData\Local\MangaViewer\CBZCache\77f64cd7ef5596a437c76fe9db330d4e\00045.jpg)
[DisplayManager] DisplayImages(startIndex=46, DisplayCount=2, ImagePaths.Count=167)
[DisplayManager] pictureBoxes.Length=2, count=2
[DisplayManager] cols=2, count=2
[DisplayManager] i=0, imgIdx=47, imagePath=00048.jpg
[DisplayManager] LoadImageIntoPictureBox(imagePath=C:\Users\fc3c1\AppData\Local\MangaViewer\CBZCache\77f64cd7ef5596a437c76fe9db330d4e\00048.jpg)
[DisplayManager] i=1, imgIdx=46, imagePath=00047.jpg
[DisplayManager] LoadImageIntoPictureBox(imagePath=C:\Users\fc3c1\AppData\Local\MangaViewer\CBZCache\77f64cd7ef5596a437c76fe9db330d4e\00047.jpg)
[DisplayManager] DisplayImages(startIndex=48, DisplayCount=2, ImagePaths.Count=167)
[DisplayManager] pictureBoxes.Length=2, count=2
[DisplayManager] cols=2, count=2
[DisplayManager] i=0, imgIdx=49, imagePath=00050.jpg
[DisplayManager] LoadImageIntoPictureBox(imagePath=C:\Users\fc3c1\AppData\Local\MangaViewer\CBZCache\77f64cd7ef5596a437c76fe9db330d4e\00050.jpg)
[DisplayManager] i=1, imgIdx=48, imagePath=00049.jpg
[DisplayManager] LoadImageIntoPictureBox(imagePath=C:\Users\fc3c1\AppData\Local\MangaViewer\CBZCache\77f64cd7ef5596a437c76fe9db330d4e\00049.jpg)
[DisplayManager] DisplayImages(startIndex=50, DisplayCount=2, ImagePaths.Count=167)
[DisplayManager] pictureBoxes.Length=2, count=2
[DisplayManager] cols=2, count=2
[DisplayManager] i=0, imgIdx=51, imagePath=00052.jpg
[DisplayManager] LoadImageIntoPictureBox(imagePath=C:\Users\fc3c1\AppData\Local\MangaViewer\CBZCache\77f64cd7ef5596a437c76fe9db330d4e\00052.jpg)
[DisplayManager] i=1, imgIdx=50, imagePath=00051.jpg
[DisplayManager] LoadImageIntoPictureBox(imagePath=C:\Users\fc3c1\AppData\Local\MangaViewer\CBZCache\77f64cd7ef5596a437c76fe9db330d4e\00051.jpg)
[DisplayManager] DisplayImages(startIndex=52, DisplayCount=2, ImagePaths.Count=167)
[DisplayManager] pictureBoxes.Length=2, count=2
[DisplayManager] cols=2, count=2
[DisplayManager] i=0, imgIdx=53, imagePath=00054.jpg
[DisplayManager] LoadImageIntoPictureBox(imagePath=C:\Users\fc3c1\AppData\Local\MangaViewer\CBZCache\77f64cd7ef5596a437c76fe9db330d4e\00054.jpg)
[DisplayManager] i=1, imgIdx=52, imagePath=00053.jpg
[DisplayManager] LoadImageIntoPictureBox(imagePath=C:\Users\fc3c1\AppData\Local\MangaViewer\CBZCache\77f64cd7ef5596a437c76fe9db330d4e\00053.jpg)
[DisplayManager] DisplayImages(startIndex=54, DisplayCount=2, ImagePaths.Count=167)
[DisplayManager] pictureBoxes.Length=2, count=2
[DisplayManager] cols=2, count=2
[DisplayManager] i=0, imgIdx=55, imagePath=00056.jpg
[DisplayManager] LoadImageIntoPictureBox(imagePath=C:\Users\fc3c1\AppData\Local\MangaViewer\CBZCache\77f64cd7ef5596a437c76fe9db330d4e\00056.jpg)
[DisplayManager] i=1, imgIdx=54, imagePath=00055.jpg
[DisplayManager] LoadImageIntoPictureBox(imagePath=C:\Users\fc3c1\AppData\Local\MangaViewer\CBZCache\77f64cd7ef5596a437c76fe9db330d4e\00055.jpg)
[DisplayManager] DisplayImages(startIndex=56, DisplayCount=2, ImagePaths.Count=167)
[DisplayManager] pictureBoxes.Length=2, count=2
[DisplayManager] cols=2, count=2
[DisplayManager] i=0, imgIdx=57, imagePath=00058.jpg
[DisplayManager] LoadImageIntoPictureBox(imagePath=C:\Users\fc3c1\AppData\Local\MangaViewer\CBZCache\77f64cd7ef5596a437c76fe9db330d4e\00058.jpg)
[DisplayManager] i=1, imgIdx=56, imagePath=00057.jpg
[DisplayManager] LoadImageIntoPictureBox(imagePath=C:\Users\fc3c1\AppData\Local\MangaViewer\CBZCache\77f64cd7ef5596a437c76fe9db330d4e\00057.jpg)
[DisplayManager] DisplayImages(startIndex=58, DisplayCount=2, ImagePaths.Count=167)
[DisplayManager] pictureBoxes.Length=2, count=2
[DisplayManager] cols=2, count=2
[DisplayManager] i=0, imgIdx=59, imagePath=00060.jpg
[DisplayManager] LoadImageIntoPictureBox(imagePath=C:\Users\fc3c1\AppData\Local\MangaViewer\CBZCache\77f64cd7ef5596a437c76fe9db330d4e\00060.jpg)
[DisplayManager] i=1, imgIdx=58, imagePath=00059.jpg
[DisplayManager] LoadImageIntoPictureBox(imagePath=C:\Users\fc3c1\AppData\Local\MangaViewer\CBZCache\77f64cd7ef5596a437c76fe9db330d4e\00059.jpg)
[DisplayManager] DisplayImages(startIndex=60, DisplayCount=2, ImagePaths.Count=167)
[DisplayManager] pictureBoxes.Length=2, count=2
[DisplayManager] cols=2, count=2
[DisplayManager] i=0, imgIdx=61, imagePath=00062.jpg
[DisplayManager] LoadImageIntoPictureBox(imagePath=C:\Users\fc3c1\AppData\Local\MangaViewer\CBZCache\77f64cd7ef5596a437c76fe9db330d4e\00062.jpg)
[DisplayManager] i=1, imgIdx=60, imagePath=00061.jpg
[DisplayManager] LoadImageIntoPictureBox(imagePath=C:\Users\fc3c1\AppData\Local\MangaViewer\CBZCache\77f64cd7ef5596a437c76fe9db330d4e\00061.jpg)
[DisplayManager] DisplayImages(startIndex=62, DisplayCount=2, ImagePaths.Count=167)
[DisplayManager] pictureBoxes.Length=2, count=2
[DisplayManager] cols=2, count=2
[DisplayManager] i=0, imgIdx=63, imagePath=00064.jpg
[DisplayManager] LoadImageIntoPictureBox(imagePath=C:\Users\fc3c1\AppData\Local\MangaViewer\CBZCache\77f64cd7ef5596a437c76fe9db330d4e\00064.jpg)
[DisplayManager] i=1, imgIdx=62, imagePath=00063.jpg
[DisplayManager] LoadImageIntoPictureBox(imagePath=C:\Users\fc3c1\AppData\Local\MangaViewer\CBZCache\77f64cd7ef5596a437c76fe9db330d4e\00063.jpg)
[DisplayManager] DisplayImages(startIndex=64, DisplayCount=2, ImagePaths.Count=167)
[DisplayManager] pictureBoxes.Length=2, count=2
[DisplayManager] cols=2, count=2
[DisplayManager] i=0, imgIdx=65, imagePath=00066.jpg
[DisplayManager] LoadImageIntoPictureBox(imagePath=C:\Users\fc3c1\AppData\Local\MangaViewer\CBZCache\77f64cd7ef5596a437c76fe9db330d4e\00066.jpg)
[DisplayManager] i=1, imgIdx=64, imagePath=00065.jpg
[DisplayManager] LoadImageIntoPictureBox(imagePath=C:\Users\fc3c1\AppData\Local\MangaViewer\CBZCache\77f64cd7ef5596a437c76fe9db330d4e\00065.jpg)
[DisplayManager] DisplayImages(startIndex=66, DisplayCount=2, ImagePaths.Count=167)
[DisplayManager] pictureBoxes.Length=2, count=2
[DisplayManager] cols=2, count=2
[DisplayManager] i=0, imgIdx=67, imagePath=00068.jpg
[DisplayManager] LoadImageIntoPictureBox(imagePath=C:\Users\fc3c1\AppData\Local\MangaViewer\CBZCache\77f64cd7ef5596a437c76fe9db330d4e\00068.jpg)
[DisplayManager] i=1, imgIdx=66, imagePath=00067.jpg
[DisplayManager] LoadImageIntoPictureBox(imagePath=C:\Users\fc3c1\AppData\Local\MangaViewer\CBZCache\77f64cd7ef5596a437c76fe9db330d4e\00067.jpg)
[DisplayManager] DisplayImages(startIndex=68, DisplayCount=2, ImagePaths.Count=167)
[DisplayManager] pictureBoxes.Length=2, count=2
[DisplayManager] cols=2, count=2
[DisplayManager] i=0, imgIdx=69, imagePath=00070.jpg
[DisplayManager] LoadImageIntoPictureBox(imagePath=C:\Users\fc3c1\AppData\Local\MangaViewer\CBZCache\77f64cd7ef5596a437c76fe9db330d4e\00070.jpg)
[DisplayManager] i=1, imgIdx=68, imagePath=00069.jpg
[DisplayManager] LoadImageIntoPictureBox(imagePath=C:\Users\fc3c1\AppData\Local\MangaViewer\CBZCache\77f64cd7ef5596a437c76fe9db330d4e\00069.jpg)
[DisplayManager] DisplayImages(startIndex=70, DisplayCount=2, ImagePaths.Count=167)
[DisplayManager] pictureBoxes.Length=2, count=2
[DisplayManager] cols=2, count=2
[DisplayManager] i=0, imgIdx=71, imagePath=00072.jpg
[DisplayManager] LoadImageIntoPictureBox(imagePath=C:\Users\fc3c1\AppData\Local\MangaViewer\CBZCache\77f64cd7ef5596a437c76fe9db330d4e\00072.jpg)
[DisplayManager] i=1, imgIdx=70, imagePath=00071.jpg
[DisplayManager] LoadImageIntoPictureBox(imagePath=C:\Users\fc3c1\AppData\Local\MangaViewer\CBZCache\77f64cd7ef5596a437c76fe9db330d4e\00071.jpg)
[DisplayManager] DisplayImages(startIndex=68, DisplayCount=2, ImagePaths.Count=167)
[DisplayManager] pictureBoxes.Length=2, count=2
[DisplayManager] cols=2, count=2
[DisplayManager] i=0, imgIdx=69, imagePath=00070.jpg
[DisplayManager] LoadImageIntoPictureBox(imagePath=C:\Users\fc3c1\AppData\Local\MangaViewer\CBZCache\77f64cd7ef5596a437c76fe9db330d4e\00070.jpg)
[DisplayManager] i=1, imgIdx=68, imagePath=00069.jpg
[DisplayManager] LoadImageIntoPictureBox(imagePath=C:\Users\fc3c1\AppData\Local\MangaViewer\CBZCache\77f64cd7ef5596a437c76fe9db330d4e\00069.jpg)
[DisplayManager] DisplayImages(startIndex=70, DisplayCount=2, ImagePaths.Count=167)
[DisplayManager] pictureBoxes.Length=2, count=2
[DisplayManager] cols=2, count=2
[DisplayManager] i=0, imgIdx=71, imagePath=00072.jpg
[DisplayManager] LoadImageIntoPictureBox(imagePath=C:\Users\fc3c1\AppData\Local\MangaViewer\CBZCache\77f64cd7ef5596a437c76fe9db330d4e\00072.jpg)
[DisplayManager] i=1, imgIdx=70, imagePath=00071.jpg
[DisplayManager] LoadImageIntoPictureBox(imagePath=C:\Users\fc3c1\AppData\Local\MangaViewer\CBZCache\77f64cd7ef5596a437c76fe9db330d4e\00071.jpg)
[DisplayManager] DisplayImages(startIndex=68, DisplayCount=2, ImagePaths.Count=167)
[DisplayManager] pictureBoxes.Length=2, count=2
[DisplayManager] cols=2, count=2
[DisplayManager] i=0, imgIdx=69, imagePath=00070.jpg
[DisplayManager] LoadImageIntoPictureBox(imagePath=C:\Users\fc3c1\AppData\Local\MangaViewer\CBZCache\77f64cd7ef5596a437c76fe9db330d4e\00070.jpg)
[DisplayManager] i=1, imgIdx=68, imagePath=00069.jpg
[DisplayManager] LoadImageIntoPictureBox(imagePath=C:\Users\fc3c1\AppData\Local\MangaViewer\CBZCache\77f64cd7ef5596a437c76fe9db330d4e\00069.jpg)
[DisplayManager] DisplayImages(startIndex=70, DisplayCount=2, ImagePaths.Count=167)
[DisplayManager] pictureBoxes.Length=2, count=2
[DisplayManager] cols=2, count=2
[DisplayManager] i=0, imgIdx=71, imagePath=00072.jpg
[DisplayManager] LoadImageIntoPictureBox(imagePath=C:\Users\fc3c1\AppData\Local\MangaViewer\CBZCache\77f64cd7ef5596a437c76fe9db330d4e\00072.jpg)
[DisplayManager] i=1, imgIdx=70, imagePath=00071.jpg
[DisplayManager] LoadImageIntoPictureBox(imagePath=C:\Users\fc3c1\AppData\Local\MangaViewer\CBZCache\77f64cd7ef5596a437c76fe9db330d4e\00071.jpg)
[DisplayManager] DisplayImages(startIndex=72, DisplayCount=2, ImagePaths.Count=167)
[DisplayManager] pictureBoxes.Length=2, count=2
[DisplayManager] cols=2, count=2
[DisplayManager] i=0, imgIdx=73, imagePath=00074.jpg
[DisplayManager] LoadImageIntoPictureBox(imagePath=C:\Users\fc3c1\AppData\Local\MangaViewer\CBZCache\77f64cd7ef5596a437c76fe9db330d4e\00074.jpg)
[DisplayManager] i=1, imgIdx=72, imagePath=00073.jpg
[DisplayManager] LoadImageIntoPictureBox(imagePath=C:\Users\fc3c1\AppData\Local\MangaViewer\CBZCache\77f64cd7ef5596a437c76fe9db330d4e\00073.jpg)
[DisplayManager] DisplayImages(startIndex=74, DisplayCount=2, ImagePaths.Count=167)
[DisplayManager] pictureBoxes.Length=2, count=2
[DisplayManager] cols=2, count=2
[DisplayManager] i=0, imgIdx=75, imagePath=00076.jpg
[DisplayManager] LoadImageIntoPictureBox(imagePath=C:\Users\fc3c1\AppData\Local\MangaViewer\CBZCache\77f64cd7ef5596a437c76fe9db330d4e\00076.jpg)
[DisplayManager] i=1, imgIdx=74, imagePath=00075.jpg
[DisplayManager] LoadImageIntoPictureBox(imagePath=C:\Users\fc3c1\AppData\Local\MangaViewer\CBZCache\77f64cd7ef5596a437c76fe9db330d4e\00075.jpg)
[DisplayManager] DisplayImages(startIndex=76, DisplayCount=2, ImagePaths.Count=167)
[DisplayManager] pictureBoxes.Length=2, count=2
[DisplayManager] cols=2, count=2
[DisplayManager] i=0, imgIdx=77, imagePath=00078.jpg
[DisplayManager] LoadImageIntoPictureBox(imagePath=C:\Users\fc3c1\AppData\Local\MangaViewer\CBZCache\77f64cd7ef5596a437c76fe9db330d4e\00078.jpg)
[DisplayManager] i=1, imgIdx=76, imagePath=00077.jpg
[DisplayManager] LoadImageIntoPictureBox(imagePath=C:\Users\fc3c1\AppData\Local\MangaViewer\CBZCache\77f64cd7ef5596a437c76fe9db330d4e\00077.jpg)
[DisplayManager] DisplayImages(startIndex=78, DisplayCount=2, ImagePaths.Count=167)
[DisplayManager] pictureBoxes.Length=2, count=2
[DisplayManager] cols=2, count=2
[DisplayManager] i=0, imgIdx=79, imagePath=00080.jpg
[DisplayManager] LoadImageIntoPictureBox(imagePath=C:\Users\fc3c1\AppData\Local\MangaViewer\CBZCache\77f64cd7ef5596a437c76fe9db330d4e\00080.jpg)
[DisplayManager] i=1, imgIdx=78, imagePath=00079.jpg
[DisplayManager] LoadImageIntoPictureBox(imagePath=C:\Users\fc3c1\AppData\Local\MangaViewer\CBZCache\77f64cd7ef5596a437c76fe9db330d4e\00079.jpg)
[DisplayManager] DisplayImages(startIndex=80, DisplayCount=2, ImagePaths.Count=167)
[DisplayManager] pictureBoxes.Length=2, count=2
[DisplayManager] cols=2, count=2
[DisplayManager] i=0, imgIdx=81, imagePath=00082.jpg
[DisplayManager] LoadImageIntoPictureBox(imagePath=C:\Users\fc3c1\AppData\Local\MangaViewer\CBZCache\77f64cd7ef5596a437c76fe9db330d4e\00082.jpg)
[DisplayManager] i=1, imgIdx=80, imagePath=00081.jpg
[DisplayManager] LoadImageIntoPictureBox(imagePath=C:\Users\fc3c1\AppData\Local\MangaViewer\CBZCache\77f64cd7ef5596a437c76fe9db330d4e\00081.jpg)
[DisplayManager] DisplayImages(startIndex=78, DisplayCount=2, ImagePaths.Count=167)
[DisplayManager] pictureBoxes.Length=2, count=2
[DisplayManager] cols=2, count=2
[DisplayManager] i=0, imgIdx=79, imagePath=00080.jpg
[DisplayManager] LoadImageIntoPictureBox(imagePath=C:\Users\fc3c1\AppData\Local\MangaViewer\CBZCache\77f64cd7ef5596a437c76fe9db330d4e\00080.jpg)
[DisplayManager] i=1, imgIdx=78, imagePath=00079.jpg
[DisplayManager] LoadImageIntoPictureBox(imagePath=C:\Users\fc3c1\AppData\Local\MangaViewer\CBZCache\77f64cd7ef5596a437c76fe9db330d4e\00079.jpg)
[DisplayManager] DisplayImages(startIndex=80, DisplayCount=2, ImagePaths.Count=167)
[DisplayManager] pictureBoxes.Length=2, count=2
[DisplayManager] cols=2, count=2
[DisplayManager] i=0, imgIdx=81, imagePath=00082.jpg
[DisplayManager] LoadImageIntoPictureBox(imagePath=C:\Users\fc3c1\AppData\Local\MangaViewer\CBZCache\77f64cd7ef5596a437c76fe9db330d4e\00082.jpg)
[DisplayManager] i=1, imgIdx=80, imagePath=00081.jpg
[DisplayManager] LoadImageIntoPictureBox(imagePath=C:\Users\fc3c1\AppData\Local\MangaViewer\CBZCache\77f64cd7ef5596a437c76fe9db330d4e\00081.jpg)
[DisplayManager] DisplayImages(startIndex=82, DisplayCount=2, ImagePaths.Count=167)
[DisplayManager] pictureBoxes.Length=2, count=2
[DisplayManager] cols=2, count=2
[DisplayManager] i=0, imgIdx=83, imagePath=00084.jpg
[DisplayManager] LoadImageIntoPictureBox(imagePath=C:\Users\fc3c1\AppData\Local\MangaViewer\CBZCache\77f64cd7ef5596a437c76fe9db330d4e\00084.jpg)
[DisplayManager] i=1, imgIdx=82, imagePath=00083.jpg
[DisplayManager] LoadImageIntoPictureBox(imagePath=C:\Users\fc3c1\AppData\Local\MangaViewer\CBZCache\77f64cd7ef5596a437c76fe9db330d4e\00083.jpg)
[DisplayManager] DisplayImages(startIndex=84, DisplayCount=2, ImagePaths.Count=167)
[DisplayManager] pictureBoxes.Length=2, count=2
[DisplayManager] cols=2, count=2
[DisplayManager] i=0, imgIdx=85, imagePath=00086.jpg
[DisplayManager] LoadImageIntoPictureBox(imagePath=C:\Users\fc3c1\AppData\Local\MangaViewer\CBZCache\77f64cd7ef5596a437c76fe9db330d4e\00086.jpg)
[DisplayManager] i=1, imgIdx=84, imagePath=00085.jpg
[DisplayManager] LoadImageIntoPictureBox(imagePath=C:\Users\fc3c1\AppData\Local\MangaViewer\CBZCache\77f64cd7ef5596a437c76fe9db330d4e\00085.jpg)
[DisplayManager] DisplayImages(startIndex=86, DisplayCount=2, ImagePaths.Count=167)
[DisplayManager] pictureBoxes.Length=2, count=2
[DisplayManager] cols=2, count=2
[DisplayManager] i=0, imgIdx=87, imagePath=00088.jpg
[DisplayManager] LoadImageIntoPictureBox(imagePath=C:\Users\fc3c1\AppData\Local\MangaViewer\CBZCache\77f64cd7ef5596a437c76fe9db330d4e\00088.jpg)
[DisplayManager] i=1, imgIdx=86, imagePath=00087.jpg
[DisplayManager] LoadImageIntoPictureBox(imagePath=C:\Users\fc3c1\AppData\Local\MangaViewer\CBZCache\77f64cd7ef5596a437c76fe9db330d4e\00087.jpg)
[DisplayManager] DisplayImages(startIndex=84, DisplayCount=2, ImagePaths.Count=167)
[DisplayManager] pictureBoxes.Length=2, count=2
[DisplayManager] cols=2, count=2
[DisplayManager] i=0, imgIdx=85, imagePath=00086.jpg
[DisplayManager] LoadImageIntoPictureBox(imagePath=C:\Users\fc3c1\AppData\Local\MangaViewer\CBZCache\77f64cd7ef5596a437c76fe9db330d4e\00086.jpg)
[DisplayManager] i=1, imgIdx=84, imagePath=00085.jpg
[DisplayManager] LoadImageIntoPictureBox(imagePath=C:\Users\fc3c1\AppData\Local\MangaViewer\CBZCache\77f64cd7ef5596a437c76fe9db330d4e\00085.jpg)
[DisplayManager] DisplayImages(startIndex=86, DisplayCount=2, ImagePaths.Count=167)
[DisplayManager] pictureBoxes.Length=2, count=2
[DisplayManager] cols=2, count=2
[DisplayManager] i=0, imgIdx=87, imagePath=00088.jpg
[DisplayManager] LoadImageIntoPictureBox(imagePath=C:\Users\fc3c1\AppData\Local\MangaViewer\CBZCache\77f64cd7ef5596a437c76fe9db330d4e\00088.jpg)
[DisplayManager] i=1, imgIdx=86, imagePath=00087.jpg
[DisplayManager] LoadImageIntoPictureBox(imagePath=C:\Users\fc3c1\AppData\Local\MangaViewer\CBZCache\77f64cd7ef5596a437c76fe9db330d4e\00087.jpg)
[DisplayManager] DisplayImages(startIndex=88, DisplayCount=2, ImagePaths.Count=167)
[DisplayManager] pictureBoxes.Length=2, count=2
[DisplayManager] cols=2, count=2
[DisplayManager] i=0, imgIdx=89, imagePath=00090.jpg
[DisplayManager] LoadImageIntoPictureBox(imagePath=C:\Users\fc3c1\AppData\Local\MangaViewer\CBZCache\77f64cd7ef5596a437c76fe9db330d4e\00090.jpg)
[DisplayManager] i=1, imgIdx=88, imagePath=00089.jpg
[DisplayManager] LoadImageIntoPictureBox(imagePath=C:\Users\fc3c1\AppData\Local\MangaViewer\CBZCache\77f64cd7ef5596a437c76fe9db330d4e\00089.jpg)
[DisplayManager] DisplayImages(startIndex=90, DisplayCount=2, ImagePaths.Count=167)
[DisplayManager] pictureBoxes.Length=2, count=2
[DisplayManager] cols=2, count=2
[DisplayManager] i=0, imgIdx=91, imagePath=00092.jpg
[DisplayManager] LoadImageIntoPictureBox(imagePath=C:\Users\fc3c1\AppData\Local\MangaViewer\CBZCache\77f64cd7ef5596a437c76fe9db330d4e\00092.jpg)
[DisplayManager] i=1, imgIdx=90, imagePath=00091.jpg
[DisplayManager] LoadImageIntoPictureBox(imagePath=C:\Users\fc3c1\AppData\Local\MangaViewer\CBZCache\77f64cd7ef5596a437c76fe9db330d4e\00091.jpg)
[DisplayManager] DisplayImages(startIndex=92, DisplayCount=2, ImagePaths.Count=167)
[DisplayManager] pictureBoxes.Length=2, count=2
[DisplayManager] cols=2, count=2
[DisplayManager] i=0, imgIdx=93, imagePath=00094.jpg
[DisplayManager] LoadImageIntoPictureBox(imagePath=C:\Users\fc3c1\AppData\Local\MangaViewer\CBZCache\77f64cd7ef5596a437c76fe9db330d4e\00094.jpg)
[DisplayManager] i=1, imgIdx=92, imagePath=00093.jpg
[DisplayManager] LoadImageIntoPictureBox(imagePath=C:\Users\fc3c1\AppData\Local\MangaViewer\CBZCache\77f64cd7ef5596a437c76fe9db330d4e\00093.jpg)
[DisplayManager] DisplayImages(startIndex=94, DisplayCount=2, ImagePaths.Count=167)
[DisplayManager] pictureBoxes.Length=2, count=2
[DisplayManager] cols=2, count=2
[DisplayManager] i=0, imgIdx=95, imagePath=00096.jpg
[DisplayManager] LoadImageIntoPictureBox(imagePath=C:\Users\fc3c1\AppData\Local\MangaViewer\CBZCache\77f64cd7ef5596a437c76fe9db330d4e\00096.jpg)
[DisplayManager] i=1, imgIdx=94, imagePath=00095.jpg
[DisplayManager] LoadImageIntoPictureBox(imagePath=C:\Users\fc3c1\AppData\Local\MangaViewer\CBZCache\77f64cd7ef5596a437c76fe9db330d4e\00095.jpg)
[DisplayManager] DisplayImages(startIndex=96, DisplayCount=2, ImagePaths.Count=167)
[DisplayManager] pictureBoxes.Length=2, count=2
[DisplayManager] cols=2, count=2
[DisplayManager] i=0, imgIdx=97, imagePath=00098.jpg
[DisplayManager] LoadImageIntoPictureBox(imagePath=C:\Users\fc3c1\AppData\Local\MangaViewer\CBZCache\77f64cd7ef5596a437c76fe9db330d4e\00098.jpg)
[DisplayManager] i=1, imgIdx=96, imagePath=00097.jpg
[DisplayManager] LoadImageIntoPictureBox(imagePath=C:\Users\fc3c1\AppData\Local\MangaViewer\CBZCache\77f64cd7ef5596a437c76fe9db330d4e\00097.jpg)
[DisplayManager] DisplayImages(startIndex=98, DisplayCount=2, ImagePaths.Count=167)
[DisplayManager] pictureBoxes.Length=2, count=2
[DisplayManager] cols=2, count=2
[DisplayManager] i=0, imgIdx=99, imagePath=00100.jpg
[DisplayManager] LoadImageIntoPictureBox(imagePath=C:\Users\fc3c1\AppData\Local\MangaViewer\CBZCache\77f64cd7ef5596a437c76fe9db330d4e\00100.jpg)
[DisplayManager] i=1, imgIdx=98, imagePath=00099.jpg
[DisplayManager] LoadImageIntoPictureBox(imagePath=C:\Users\fc3c1\AppData\Local\MangaViewer\CBZCache\77f64cd7ef5596a437c76fe9db330d4e\00099.jpg)
[DisplayManager] DisplayImages(startIndex=100, DisplayCount=2, ImagePaths.Count=167)
[DisplayManager] pictureBoxes.Length=2, count=2
[DisplayManager] cols=2, count=2
[DisplayManager] i=0, imgIdx=101, imagePath=00102.jpg
[DisplayManager] LoadImageIntoPictureBox(imagePath=C:\Users\fc3c1\AppData\Local\MangaViewer\CBZCache\77f64cd7ef5596a437c76fe9db330d4e\00102.jpg)
[DisplayManager] i=1, imgIdx=100, imagePath=00101.jpg
[DisplayManager] LoadImageIntoPictureBox(imagePath=C:\Users\fc3c1\AppData\Local\MangaViewer\CBZCache\77f64cd7ef5596a437c76fe9db330d4e\00101.jpg)
[DisplayManager] DisplayImages(startIndex=98, DisplayCount=2, ImagePaths.Count=167)
[DisplayManager] pictureBoxes.Length=2, count=2
[DisplayManager] cols=2, count=2
[DisplayManager] i=0, imgIdx=99, imagePath=00100.jpg
[DisplayManager] LoadImageIntoPictureBox(imagePath=C:\Users\fc3c1\AppData\Local\MangaViewer\CBZCache\77f64cd7ef5596a437c76fe9db330d4e\00100.jpg)
[DisplayManager] i=1, imgIdx=98, imagePath=00099.jpg
[DisplayManager] LoadImageIntoPictureBox(imagePath=C:\Users\fc3c1\AppData\Local\MangaViewer\CBZCache\77f64cd7ef5596a437c76fe9db330d4e\00099.jpg)
[DisplayManager] DisplayImages(startIndex=100, DisplayCount=2, ImagePaths.Count=167)
[DisplayManager] pictureBoxes.Length=2, count=2
[DisplayManager] cols=2, count=2
[DisplayManager] i=0, imgIdx=101, imagePath=00102.jpg
[DisplayManager] LoadImageIntoPictureBox(imagePath=C:\Users\fc3c1\AppData\Local\MangaViewer\CBZCache\77f64cd7ef5596a437c76fe9db330d4e\00102.jpg)
[DisplayManager] i=1, imgIdx=100, imagePath=00101.jpg
[DisplayManager] LoadImageIntoPictureBox(imagePath=C:\Users\fc3c1\AppData\Local\MangaViewer\CBZCache\77f64cd7ef5596a437c76fe9db330d4e\00101.jpg)
[DisplayManager] DisplayImages(startIndex=102, DisplayCount=2, ImagePaths.Count=167)
[DisplayManager] pictureBoxes.Length=2, count=2
[DisplayManager] cols=2, count=2
[DisplayManager] i=0, imgIdx=103, imagePath=00104.jpg
[DisplayManager] LoadImageIntoPictureBox(imagePath=C:\Users\fc3c1\AppData\Local\MangaViewer\CBZCache\77f64cd7ef5596a437c76fe9db330d4e\00104.jpg)
[DisplayManager] i=1, imgIdx=102, imagePath=00103.jpg
[DisplayManager] LoadImageIntoPictureBox(imagePath=C:\Users\fc3c1\AppData\Local\MangaViewer\CBZCache\77f64cd7ef5596a437c76fe9db330d4e\00103.jpg)
[DisplayManager] DisplayImages(startIndex=104, DisplayCount=2, ImagePaths.Count=167)
[DisplayManager] pictureBoxes.Length=2, count=2
[DisplayManager] cols=2, count=2
[DisplayManager] i=0, imgIdx=105, imagePath=00106.jpg
[DisplayManager] LoadImageIntoPictureBox(imagePath=C:\Users\fc3c1\AppData\Local\MangaViewer\CBZCache\77f64cd7ef5596a437c76fe9db330d4e\00106.jpg)
[DisplayManager] i=1, imgIdx=104, imagePath=00105.jpg
[DisplayManager] LoadImageIntoPictureBox(imagePath=C:\Users\fc3c1\AppData\Local\MangaViewer\CBZCache\77f64cd7ef5596a437c76fe9db330d4e\00105.jpg)
[DisplayManager] DisplayImages(startIndex=106, DisplayCount=2, ImagePaths.Count=167)
[DisplayManager] pictureBoxes.Length=2, count=2
[DisplayManager] cols=2, count=2
[DisplayManager] i=0, imgIdx=107, imagePath=00108.jpg
[DisplayManager] LoadImageIntoPictureBox(imagePath=C:\Users\fc3c1\AppData\Local\MangaViewer\CBZCache\77f64cd7ef5596a437c76fe9db330d4e\00108.jpg)
[DisplayManager] i=1, imgIdx=106, imagePath=00107.jpg
[DisplayManager] LoadImageIntoPictureBox(imagePath=C:\Users\fc3c1\AppData\Local\MangaViewer\CBZCache\77f64cd7ef5596a437c76fe9db330d4e\00107.jpg)
[DisplayManager] DisplayImages(startIndex=104, DisplayCount=2, ImagePaths.Count=167)
[DisplayManager] pictureBoxes.Length=2, count=2
[DisplayManager] cols=2, count=2
[DisplayManager] i=0, imgIdx=105, imagePath=00106.jpg
[DisplayManager] LoadImageIntoPictureBox(imagePath=C:\Users\fc3c1\AppData\Local\MangaViewer\CBZCache\77f64cd7ef5596a437c76fe9db330d4e\00106.jpg)
[DisplayManager] i=1, imgIdx=104, imagePath=00105.jpg
[DisplayManager] LoadImageIntoPictureBox(imagePath=C:\Users\fc3c1\AppData\Local\MangaViewer\CBZCache\77f64cd7ef5596a437c76fe9db330d4e\00105.jpg)
[DisplayManager] DisplayImages(startIndex=106, DisplayCount=2, ImagePaths.Count=167)
[DisplayManager] pictureBoxes.Length=2, count=2
[DisplayManager] cols=2, count=2
[DisplayManager] i=0, imgIdx=107, imagePath=00108.jpg
[DisplayManager] LoadImageIntoPictureBox(imagePath=C:\Users\fc3c1\AppData\Local\MangaViewer\CBZCache\77f64cd7ef5596a437c76fe9db330d4e\00108.jpg)
[DisplayManager] i=1, imgIdx=106, imagePath=00107.jpg
[DisplayManager] LoadImageIntoPictureBox(imagePath=C:\Users\fc3c1\AppData\Local\MangaViewer\CBZCache\77f64cd7ef5596a437c76fe9db330d4e\00107.jpg)
[DisplayManager] DisplayImages(startIndex=108, DisplayCount=2, ImagePaths.Count=167)
[DisplayManager] pictureBoxes.Length=2, count=2
[DisplayManager] cols=2, count=2
[DisplayManager] i=0, imgIdx=109, imagePath=00110.jpg
[DisplayManager] LoadImageIntoPictureBox(imagePath=C:\Users\fc3c1\AppData\Local\MangaViewer\CBZCache\77f64cd7ef5596a437c76fe9db330d4e\00110.jpg)
[DisplayManager] i=1, imgIdx=108, imagePath=00109.jpg
[DisplayManager] LoadImageIntoPictureBox(imagePath=C:\Users\fc3c1\AppData\Local\MangaViewer\CBZCache\77f64cd7ef5596a437c76fe9db330d4e\00109.jpg)
[DisplayManager] DisplayImages(startIndex=110, DisplayCount=2, ImagePaths.Count=167)
[DisplayManager] pictureBoxes.Length=2, count=2
[DisplayManager] cols=2, count=2
[DisplayManager] i=0, imgIdx=111, imagePath=00112.jpg
[DisplayManager] LoadImageIntoPictureBox(imagePath=C:\Users\fc3c1\AppData\Local\MangaViewer\CBZCache\77f64cd7ef5596a437c76fe9db330d4e\00112.jpg)
[DisplayManager] i=1, imgIdx=110, imagePath=00111.jpg
[DisplayManager] LoadImageIntoPictureBox(imagePath=C:\Users\fc3c1\AppData\Local\MangaViewer\CBZCache\77f64cd7ef5596a437c76fe9db330d4e\00111.jpg)
[DisplayManager] DisplayImages(startIndex=112, DisplayCount=2, ImagePaths.Count=167)
[DisplayManager] pictureBoxes.Length=2, count=2
[DisplayManager] cols=2, count=2
[DisplayManager] i=0, imgIdx=113, imagePath=00114.jpg
[DisplayManager] LoadImageIntoPictureBox(imagePath=C:\Users\fc3c1\AppData\Local\MangaViewer\CBZCache\77f64cd7ef5596a437c76fe9db330d4e\00114.jpg)
[DisplayManager] i=1, imgIdx=112, imagePath=00113.jpg
[DisplayManager] LoadImageIntoPictureBox(imagePath=C:\Users\fc3c1\AppData\Local\MangaViewer\CBZCache\77f64cd7ef5596a437c76fe9db330d4e\00113.jpg)
[DisplayManager] DisplayImages(startIndex=114, DisplayCount=2, ImagePaths.Count=167)
[DisplayManager] pictureBoxes.Length=2, count=2
[DisplayManager] cols=2, count=2
[DisplayManager] i=0, imgIdx=115, imagePath=00116.jpg
[DisplayManager] LoadImageIntoPictureBox(imagePath=C:\Users\fc3c1\AppData\Local\MangaViewer\CBZCache\77f64cd7ef5596a437c76fe9db330d4e\00116.jpg)
[DisplayManager] i=1, imgIdx=114, imagePath=00115.jpg
[DisplayManager] LoadImageIntoPictureBox(imagePath=C:\Users\fc3c1\AppData\Local\MangaViewer\CBZCache\77f64cd7ef5596a437c76fe9db330d4e\00115.jpg)
[DisplayManager] DisplayImages(startIndex=116, DisplayCount=2, ImagePaths.Count=167)
[DisplayManager] pictureBoxes.Length=2, count=2
[DisplayManager] cols=2, count=2
[DisplayManager] i=0, imgIdx=117, imagePath=00118.jpg
[DisplayManager] LoadImageIntoPictureBox(imagePath=C:\Users\fc3c1\AppData\Local\MangaViewer\CBZCache\77f64cd7ef5596a437c76fe9db330d4e\00118.jpg)
[DisplayManager] i=1, imgIdx=116, imagePath=00117.jpg
[DisplayManager] LoadImageIntoPictureBox(imagePath=C:\Users\fc3c1\AppData\Local\MangaViewer\CBZCache\77f64cd7ef5596a437c76fe9db330d4e\00117.jpg)
[DisplayManager] DisplayImages(startIndex=118, DisplayCount=2, ImagePaths.Count=167)
[DisplayManager] pictureBoxes.Length=2, count=2
[DisplayManager] cols=2, count=2
[DisplayManager] i=0, imgIdx=119, imagePath=00120.jpg
[DisplayManager] LoadImageIntoPictureBox(imagePath=C:\Users\fc3c1\AppData\Local\MangaViewer\CBZCache\77f64cd7ef5596a437c76fe9db330d4e\00120.jpg)
[DisplayManager] i=1, imgIdx=118, imagePath=00119.jpg
[DisplayManager] LoadImageIntoPictureBox(imagePath=C:\Users\fc3c1\AppData\Local\MangaViewer\CBZCache\77f64cd7ef5596a437c76fe9db330d4e\00119.jpg)
[DisplayManager] DisplayImages(startIndex=120, DisplayCount=2, ImagePaths.Count=167)
[DisplayManager] pictureBoxes.Length=2, count=2
[DisplayManager] cols=2, count=2
[DisplayManager] i=0, imgIdx=121, imagePath=00122.jpg
[DisplayManager] LoadImageIntoPictureBox(imagePath=C:\Users\fc3c1\AppData\Local\MangaViewer\CBZCache\77f64cd7ef5596a437c76fe9db330d4e\00122.jpg)
[DisplayManager] i=1, imgIdx=120, imagePath=00121.jpg
[DisplayManager] LoadImageIntoPictureBox(imagePath=C:\Users\fc3c1\AppData\Local\MangaViewer\CBZCache\77f64cd7ef5596a437c76fe9db330d4e\00121.jpg)
[DisplayManager] DisplayImages(startIndex=0, DisplayCount=2, ImagePaths.Count=1919)
[DisplayManager] pictureBoxes.Length=2, count=2
[DisplayManager] cols=2, count=2
[DisplayManager] i=0, imgIdx=1, imagePath=00001.jpg
[DisplayManager] LoadImageIntoPictureBox(imagePath=C:\Users\fc3c1\AppData\Local\MangaViewer\CBZCache\3785aa2067e17691625dd0940617277e\00001.jpg)
[DisplayManager] i=1, imgIdx=0, imagePath=large_140801.jpg
[DisplayManager] LoadImageIntoPictureBox(imagePath=O:\NEW\[江口連×双葉もも] とんでもスキルで異世界放浪メシ 再再スキャン\large_140801.jpg)
[DisplayManager] DisplayImages(startIndex=2, DisplayCount=2, ImagePaths.Count=1919)
[DisplayManager] pictureBoxes.Length=2, count=2
[DisplayManager] cols=2, count=2
[DisplayManager] i=0, imgIdx=3, imagePath=00003.jpg
[DisplayManager] LoadImageIntoPictureBox(imagePath=C:\Users\fc3c1\AppData\Local\MangaViewer\CBZCache\3785aa2067e17691625dd0940617277e\00003.jpg)
[DisplayManager] i=1, imgIdx=2, imagePath=00002.jpg
[DisplayManager] LoadImageIntoPictureBox(imagePath=C:\Users\fc3c1\AppData\Local\MangaViewer\CBZCache\3785aa2067e17691625dd0940617277e\00002.jpg)
[DisplayManager] DisplayImages(startIndex=0, DisplayCount=2, ImagePaths.Count=1919)
[DisplayManager] pictureBoxes.Length=2, count=2
[DisplayManager] cols=2, count=2
[DisplayManager] i=0, imgIdx=1, imagePath=00001.jpg
[DisplayManager] LoadImageIntoPictureBox(imagePath=C:\Users\fc3c1\AppData\Local\MangaViewer\CBZCache\3785aa2067e17691625dd0940617277e\00001.jpg)
[DisplayManager] i=1, imgIdx=0, imagePath=large_140801.jpg
[DisplayManager] LoadImageIntoPictureBox(imagePath=O:\NEW\[江口連×双葉もも] とんでもスキルで異世界放浪メシ 再再スキャン\large_140801.jpg)
[DisplayManager] DisplayImages(startIndex=0, DisplayCount=2, ImagePaths.Count=167)
[DisplayManager] pictureBoxes.Length=2, count=2
[DisplayManager] cols=2, count=2
[DisplayManager] i=0, imgIdx=1, imagePath=00002.jpg
[DisplayManager] LoadImageIntoPictureBox(imagePath=C:\Users\fc3c1\AppData\Local\MangaViewer\CBZCache\77f64cd7ef5596a437c76fe9db330d4e\00002.jpg)
[DisplayManager] i=1, imgIdx=0, imagePath=00001.jpg
[DisplayManager] LoadImageIntoPictureBox(imagePath=C:\Users\fc3c1\AppData\Local\MangaViewer\CBZCache\77f64cd7ef5596a437c76fe9db330d4e\00001.jpg)
[DisplayManager] DisplayImages(startIndex=2, DisplayCount=2, ImagePaths.Count=167)
[DisplayManager] pictureBoxes.Length=2, count=2
[DisplayManager] cols=2, count=2
[DisplayManager] i=0, imgIdx=3, imagePath=00004.jpg
[DisplayManager] LoadImageIntoPictureBox(imagePath=C:\Users\fc3c1\AppData\Local\MangaViewer\CBZCache\77f64cd7ef5596a437c76fe9db330d4e\00004.jpg)
[DisplayManager] i=1, imgIdx=2, imagePath=00003.jpg
[DisplayManager] LoadImageIntoPictureBox(imagePath=C:\Users\fc3c1\AppData\Local\MangaViewer\CBZCache\77f64cd7ef5596a437c76fe9db330d4e\00003.jpg)
[DisplayManager] DisplayImages(startIndex=4, DisplayCount=2, ImagePaths.Count=167)
[DisplayManager] pictureBoxes.Length=2, count=2
[DisplayManager] cols=2, count=2
[DisplayManager] i=0, imgIdx=5, imagePath=00006.jpg
[DisplayManager] LoadImageIntoPictureBox(imagePath=C:\Users\fc3c1\AppData\Local\MangaViewer\CBZCache\77f64cd7ef5596a437c76fe9db330d4e\00006.jpg)
[DisplayManager] i=1, imgIdx=4, imagePath=00005.jpg
[DisplayManager] LoadImageIntoPictureBox(imagePath=C:\Users\fc3c1\AppData\Local\MangaViewer\CBZCache\77f64cd7ef5596a437c76fe9db330d4e\00005.jpg)
[DisplayManager] DisplayImages(startIndex=6, DisplayCount=2, ImagePaths.Count=167)
[DisplayManager] pictureBoxes.Length=2, count=2
[DisplayManager] cols=2, count=2
[DisplayManager] i=0, imgIdx=7, imagePath=00008.jpg
[DisplayManager] LoadImageIntoPictureBox(imagePath=C:\Users\fc3c1\AppData\Local\MangaViewer\CBZCache\77f64cd7ef5596a437c76fe9db330d4e\00008.jpg)
[DisplayManager] i=1, imgIdx=6, imagePath=00007.jpg
[DisplayManager] LoadImageIntoPictureBox(imagePath=C:\Users\fc3c1\AppData\Local\MangaViewer\CBZCache\77f64cd7ef5596a437c76fe9db330d4e\00007.jpg)
[DisplayManager] DisplayImages(startIndex=8, DisplayCount=2, ImagePaths.Count=167)
[DisplayManager] pictureBoxes.Length=2, count=2
[DisplayManager] cols=2, count=2
[DisplayManager] i=0, imgIdx=9, imagePath=00010.jpg
[DisplayManager] LoadImageIntoPictureBox(imagePath=C:\Users\fc3c1\AppData\Local\MangaViewer\CBZCache\77f64cd7ef5596a437c76fe9db330d4e\00010.jpg)
[DisplayManager] i=1, imgIdx=8, imagePath=00009.jpg
[DisplayManager] LoadImageIntoPictureBox(imagePath=C:\Users\fc3c1\AppData\Local\MangaViewer\CBZCache\77f64cd7ef5596a437c76fe9db330d4e\00009.jpg)
[DisplayManager] DisplayImages(startIndex=10, DisplayCount=2, ImagePaths.Count=167)
[DisplayManager] pictureBoxes.Length=2, count=2
[DisplayManager] cols=2, count=2
[DisplayManager] i=0, imgIdx=11, imagePath=00012.jpg
[DisplayManager] LoadImageIntoPictureBox(imagePath=C:\Users\fc3c1\AppData\Local\MangaViewer\CBZCache\77f64cd7ef5596a437c76fe9db330d4e\00012.jpg)
[DisplayManager] i=1, imgIdx=10, imagePath=00011.jpg
[DisplayManager] LoadImageIntoPictureBox(imagePath=C:\Users\fc3c1\AppData\Local\MangaViewer\CBZCache\77f64cd7ef5596a437c76fe9db330d4e\00011.jpg)
[DisplayManager] DisplayImages(startIndex=12, DisplayCount=2, ImagePaths.Count=167)
[DisplayManager] pictureBoxes.Length=2, count=2
[DisplayManager] cols=2, count=2
[DisplayManager] i=0, imgIdx=13, imagePath=00014.jpg
[DisplayManager] LoadImageIntoPictureBox(imagePath=C:\Users\fc3c1\AppData\Local\MangaViewer\CBZCache\77f64cd7ef5596a437c76fe9db330d4e\00014.jpg)
[DisplayManager] i=1, imgIdx=12, imagePath=00013.jpg
[DisplayManager] LoadImageIntoPictureBox(imagePath=C:\Users\fc3c1\AppData\Local\MangaViewer\CBZCache\77f64cd7ef5596a437c76fe9db330d4e\00013.jpg)
[DisplayManager] DisplayImages(startIndex=14, DisplayCount=2, ImagePaths.Count=167)
[DisplayManager] pictureBoxes.Length=2, count=2
[DisplayManager] cols=2, count=2
[DisplayManager] i=0, imgIdx=15, imagePath=00016.jpg
[DisplayManager] LoadImageIntoPictureBox(imagePath=C:\Users\fc3c1\AppData\Local\MangaViewer\CBZCache\77f64cd7ef5596a437c76fe9db330d4e\00016.jpg)
[DisplayManager] i=1, imgIdx=14, imagePath=00015.jpg
[DisplayManager] LoadImageIntoPictureBox(imagePath=C:\Users\fc3c1\AppData\Local\MangaViewer\CBZCache\77f64cd7ef5596a437c76fe9db330d4e\00015.jpg)
[DisplayManager] DisplayImages(startIndex=16, DisplayCount=2, ImagePaths.Count=167)
[DisplayManager] pictureBoxes.Length=2, count=2
[DisplayManager] cols=2, count=2
[DisplayManager] i=0, imgIdx=17, imagePath=00018.jpg
[DisplayManager] LoadImageIntoPictureBox(imagePath=C:\Users\fc3c1\AppData\Local\MangaViewer\CBZCache\77f64cd7ef5596a437c76fe9db330d4e\00018.jpg)
[DisplayManager] i=1, imgIdx=16, imagePath=00017.jpg
[DisplayManager] LoadImageIntoPictureBox(imagePath=C:\Users\fc3c1\AppData\Local\MangaViewer\CBZCache\77f64cd7ef5596a437c76fe9db330d4e\00017.jpg)
[DisplayManager] DisplayImages(startIndex=18, DisplayCount=2, ImagePaths.Count=167)
[DisplayManager] pictureBoxes.Length=2, count=2
[DisplayManager] cols=2, count=2
[DisplayManager] i=0, imgIdx=19, imagePath=00020.jpg
[DisplayManager] LoadImageIntoPictureBox(imagePath=C:\Users\fc3c1\AppData\Local\MangaViewer\CBZCache\77f64cd7ef5596a437c76fe9db330d4e\00020.jpg)
[DisplayManager] i=1, imgIdx=18, imagePath=00019.jpg
[DisplayManager] LoadImageIntoPictureBox(imagePath=C:\Users\fc3c1\AppData\Local\MangaViewer\CBZCache\77f64cd7ef5596a437c76fe9db330d4e\00019.jpg)
[DisplayManager] DisplayImages(startIndex=20, DisplayCount=2, ImagePaths.Count=167)
[DisplayManager] pictureBoxes.Length=2, count=2
[DisplayManager] cols=2, count=2
[DisplayManager] i=0, imgIdx=21, imagePath=00022.jpg
[DisplayManager] LoadImageIntoPictureBox(imagePath=C:\Users\fc3c1\AppData\Local\MangaViewer\CBZCache\77f64cd7ef5596a437c76fe9db330d4e\00022.jpg)
[DisplayManager] i=1, imgIdx=20, imagePath=00021.jpg
[DisplayManager] LoadImageIntoPictureBox(imagePath=C:\Users\fc3c1\AppData\Local\MangaViewer\CBZCache\77f64cd7ef5596a437c76fe9db330d4e\00021.jpg)
[DisplayManager] DisplayImages(startIndex=22, DisplayCount=2, ImagePaths.Count=167)
[DisplayManager] pictureBoxes.Length=2, count=2
[DisplayManager] cols=2, count=2
[DisplayManager] i=0, imgIdx=23, imagePath=00024.jpg
[DisplayManager] LoadImageIntoPictureBox(imagePath=C:\Users\fc3c1\AppData\Local\MangaViewer\CBZCache\77f64cd7ef5596a437c76fe9db330d4e\00024.jpg)
[DisplayManager] i=1, imgIdx=22, imagePath=00023.jpg
[DisplayManager] LoadImageIntoPictureBox(imagePath=C:\Users\fc3c1\AppData\Local\MangaViewer\CBZCache\77f64cd7ef5596a437c76fe9db330d4e\00023.jpg)
[DisplayManager] DisplayImages(startIndex=24, DisplayCount=2, ImagePaths.Count=167)
[DisplayManager] pictureBoxes.Length=2, count=2
[DisplayManager] cols=2, count=2
[DisplayManager] i=0, imgIdx=25, imagePath=00026.jpg
[DisplayManager] LoadImageIntoPictureBox(imagePath=C:\Users\fc3c1\AppData\Local\MangaViewer\CBZCache\77f64cd7ef5596a437c76fe9db330d4e\00026.jpg)
[DisplayManager] i=1, imgIdx=24, imagePath=00025.jpg
[DisplayManager] LoadImageIntoPictureBox(imagePath=C:\Users\fc3c1\AppData\Local\MangaViewer\CBZCache\77f64cd7ef5596a437c76fe9db330d4e\00025.jpg)
[DisplayManager] DisplayImages(startIndex=26, DisplayCount=2, ImagePaths.Count=167)
[DisplayManager] pictureBoxes.Length=2, count=2
[DisplayManager] cols=2, count=2
[DisplayManager] i=0, imgIdx=27, imagePath=00028.jpg
[DisplayManager] LoadImageIntoPictureBox(imagePath=C:\Users\fc3c1\AppData\Local\MangaViewer\CBZCache\77f64cd7ef5596a437c76fe9db330d4e\00028.jpg)
[DisplayManager] i=1, imgIdx=26, imagePath=00027.jpg
[DisplayManager] LoadImageIntoPictureBox(imagePath=C:\Users\fc3c1\AppData\Local\MangaViewer\CBZCache\77f64cd7ef5596a437c76fe9db330d4e\00027.jpg)
[DisplayManager] DisplayImages(startIndex=28, DisplayCount=2, ImagePaths.Count=167)
[DisplayManager] pictureBoxes.Length=2, count=2
[DisplayManager] cols=2, count=2
[DisplayManager] i=0, imgIdx=29, imagePath=00030.jpg
[DisplayManager] LoadImageIntoPictureBox(imagePath=C:\Users\fc3c1\AppData\Local\MangaViewer\CBZCache\77f64cd7ef5596a437c76fe9db330d4e\00030.jpg)
[DisplayManager] i=1, imgIdx=28, imagePath=00029.jpg
[DisplayManager] LoadImageIntoPictureBox(imagePath=C:\Users\fc3c1\AppData\Local\MangaViewer\CBZCache\77f64cd7ef5596a437c76fe9db330d4e\00029.jpg)
[DisplayManager] DisplayImages(startIndex=30, DisplayCount=2, ImagePaths.Count=167)
[DisplayManager] pictureBoxes.Length=2, count=2
[DisplayManager] cols=2, count=2
[DisplayManager] i=0, imgIdx=31, imagePath=00032.jpg
[DisplayManager] LoadImageIntoPictureBox(imagePath=C:\Users\fc3c1\AppData\Local\MangaViewer\CBZCache\77f64cd7ef5596a437c76fe9db330d4e\00032.jpg)
[DisplayManager] i=1, imgIdx=30, imagePath=00031.jpg
[DisplayManager] LoadImageIntoPictureBox(imagePath=C:\Users\fc3c1\AppData\Local\MangaViewer\CBZCache\77f64cd7ef5596a437c76fe9db330d4e\00031.jpg)
[DisplayManager] DisplayImages(startIndex=32, DisplayCount=2, ImagePaths.Count=167)
[DisplayManager] pictureBoxes.Length=2, count=2
[DisplayManager] cols=2, count=2
[DisplayManager] i=0, imgIdx=33, imagePath=00034.jpg
[DisplayManager] LoadImageIntoPictureBox(imagePath=C:\Users\fc3c1\AppData\Local\MangaViewer\CBZCache\77f64cd7ef5596a437c76fe9db330d4e\00034.jpg)
[DisplayManager] i=1, imgIdx=32, imagePath=00033.jpg
[DisplayManager] LoadImageIntoPictureBox(imagePath=C:\Users\fc3c1\AppData\Local\MangaViewer\CBZCache\77f64cd7ef5596a437c76fe9db330d4e\00033.jpg)
[DisplayManager] DisplayImages(startIndex=34, DisplayCount=2, ImagePaths.Count=167)
[DisplayManager] pictureBoxes.Length=2, count=2
[DisplayManager] cols=2, count=2
[DisplayManager] i=0, imgIdx=35, imagePath=00036.jpg
[DisplayManager] LoadImageIntoPictureBox(imagePath=C:\Users\fc3c1\AppData\Local\MangaViewer\CBZCache\77f64cd7ef5596a437c76fe9db330d4e\00036.jpg)
[DisplayManager] i=1, imgIdx=34, imagePath=00035.jpg
[DisplayManager] LoadImageIntoPictureBox(imagePath=C:\Users\fc3c1\AppData\Local\MangaViewer\CBZCache\77f64cd7ef5596a437c76fe9db330d4e\00035.jpg)
[DisplayManager] DisplayImages(startIndex=36, DisplayCount=2, ImagePaths.Count=167)
[DisplayManager] pictureBoxes.Length=2, count=2
[DisplayManager] cols=2, count=2
[DisplayManager] i=0, imgIdx=37, imagePath=00038.jpg
[DisplayManager] LoadImageIntoPictureBox(imagePath=C:\Users\fc3c1\AppData\Local\MangaViewer\CBZCache\77f64cd7ef5596a437c76fe9db330d4e\00038.jpg)
[DisplayManager] i=1, imgIdx=36, imagePath=00037.jpg
[DisplayManager] LoadImageIntoPictureBox(imagePath=C:\Users\fc3c1\AppData\Local\MangaViewer\CBZCache\77f64cd7ef5596a437c76fe9db330d4e\00037.jpg)
[DisplayManager] DisplayImages(startIndex=38, DisplayCount=2, ImagePaths.Count=167)
[DisplayManager] pictureBoxes.Length=2, count=2
[DisplayManager] cols=2, count=2
[DisplayManager] i=0, imgIdx=39, imagePath=00040.jpg
[DisplayManager] LoadImageIntoPictureBox(imagePath=C:\Users\fc3c1\AppData\Local\MangaViewer\CBZCache\77f64cd7ef5596a437c76fe9db330d4e\00040.jpg)
[DisplayManager] i=1, imgIdx=38, imagePath=00039.jpg
[DisplayManager] LoadImageIntoPictureBox(imagePath=C:\Users\fc3c1\AppData\Local\MangaViewer\CBZCache\77f64cd7ef5596a437c76fe9db330d4e\00039.jpg)
[DisplayManager] DisplayImages(startIndex=40, DisplayCount=2, ImagePaths.Count=167)
[DisplayManager] pictureBoxes.Length=2, count=2
[DisplayManager] cols=2, count=2
[DisplayManager] i=0, imgIdx=41, imagePath=00042.jpg
[DisplayManager] LoadImageIntoPictureBox(imagePath=C:\Users\fc3c1\AppData\Local\MangaViewer\CBZCache\77f64cd7ef5596a437c76fe9db330d4e\00042.jpg)
[DisplayManager] i=1, imgIdx=40, imagePath=00041.jpg
[DisplayManager] LoadImageIntoPictureBox(imagePath=C:\Users\fc3c1\AppData\Local\MangaViewer\CBZCache\77f64cd7ef5596a437c76fe9db330d4e\00041.jpg)
[DisplayManager] DisplayImages(startIndex=42, DisplayCount=2, ImagePaths.Count=167)
[DisplayManager] pictureBoxes.Length=2, count=2
[DisplayManager] cols=2, count=2
[DisplayManager] i=0, imgIdx=43, imagePath=00044.jpg
[DisplayManager] LoadImageIntoPictureBox(imagePath=C:\Users\fc3c1\AppData\Local\MangaViewer\CBZCache\77f64cd7ef5596a437c76fe9db330d4e\00044.jpg)
[DisplayManager] i=1, imgIdx=42, imagePath=00043.jpg
[DisplayManager] LoadImageIntoPictureBox(imagePath=C:\Users\fc3c1\AppData\Local\MangaViewer\CBZCache\77f64cd7ef5596a437c76fe9db330d4e\00043.jpg)
[DisplayManager] DisplayImages(startIndex=44, DisplayCount=2, ImagePaths.Count=167)
[DisplayManager] pictureBoxes.Length=2, count=2
[DisplayManager] cols=2, count=2
[DisplayManager] i=0, imgIdx=45, imagePath=00046.jpg
[DisplayManager] LoadImageIntoPictureBox(imagePath=C:\Users\fc3c1\AppData\Local\MangaViewer\CBZCache\77f64cd7ef5596a437c76fe9db330d4e\00046.jpg)
[DisplayManager] i=1, imgIdx=44, imagePath=00045.jpg
[DisplayManager] LoadImageIntoPictureBox(imagePath=C:\Users\fc3c1\AppData\Local\MangaViewer\CBZCache\77f64cd7ef5596a437c76fe9db330d4e\00045.jpg)
[DisplayManager] DisplayImages(startIndex=46, DisplayCount=2, ImagePaths.Count=167)
[DisplayManager] pictureBoxes.Length=2, count=2
[DisplayManager] cols=2, count=2
[DisplayManager] i=0, imgIdx=47, imagePath=00048.jpg
[DisplayManager] LoadImageIntoPictureBox(imagePath=C:\Users\fc3c1\AppData\Local\MangaViewer\CBZCache\77f64cd7ef5596a437c76fe9db330d4e\00048.jpg)
[DisplayManager] i=1, imgIdx=46, imagePath=00047.jpg
[DisplayManager] LoadImageIntoPictureBox(imagePath=C:\Users\fc3c1\AppData\Local\MangaViewer\CBZCache\77f64cd7ef5596a437c76fe9db330d4e\00047.jpg)
[DisplayManager] DisplayImages(startIndex=48, DisplayCount=2, ImagePaths.Count=167)
[DisplayManager] pictureBoxes.Length=2, count=2
[DisplayManager] cols=2, count=2
[DisplayManager] i=0, imgIdx=49, imagePath=00050.jpg
[DisplayManager] LoadImageIntoPictureBox(imagePath=C:\Users\fc3c1\AppData\Local\MangaViewer\CBZCache\77f64cd7ef5596a437c76fe9db330d4e\00050.jpg)
[DisplayManager] i=1, imgIdx=48, imagePath=00049.jpg
[DisplayManager] LoadImageIntoPictureBox(imagePath=C:\Users\fc3c1\AppData\Local\MangaViewer\CBZCache\77f64cd7ef5596a437c76fe9db330d4e\00049.jpg)
[DisplayManager] DisplayImages(startIndex=50, DisplayCount=2, ImagePaths.Count=167)
[DisplayManager] pictureBoxes.Length=2, count=2
[DisplayManager] cols=2, count=2
[DisplayManager] i=0, imgIdx=51, imagePath=00052.jpg
[DisplayManager] LoadImageIntoPictureBox(imagePath=C:\Users\fc3c1\AppData\Local\MangaViewer\CBZCache\77f64cd7ef5596a437c76fe9db330d4e\00052.jpg)
[DisplayManager] i=1, imgIdx=50, imagePath=00051.jpg
[DisplayManager] LoadImageIntoPictureBox(imagePath=C:\Users\fc3c1\AppData\Local\MangaViewer\CBZCache\77f64cd7ef5596a437c76fe9db330d4e\00051.jpg)
[DisplayManager] DisplayImages(startIndex=52, DisplayCount=2, ImagePaths.Count=167)
[DisplayManager] pictureBoxes.Length=2, count=2
[DisplayManager] cols=2, count=2
[DisplayManager] i=0, imgIdx=53, imagePath=00054.jpg
[DisplayManager] LoadImageIntoPictureBox(imagePath=C:\Users\fc3c1\AppData\Local\MangaViewer\CBZCache\77f64cd7ef5596a437c76fe9db330d4e\00054.jpg)
[DisplayManager] i=1, imgIdx=52, imagePath=00053.jpg
[DisplayManager] LoadImageIntoPictureBox(imagePath=C:\Users\fc3c1\AppData\Local\MangaViewer\CBZCache\77f64cd7ef5596a437c76fe9db330d4e\00053.jpg)
[DisplayManager] DisplayImages(startIndex=54, DisplayCount=2, ImagePaths.Count=167)
[DisplayManager] pictureBoxes.Length=2, count=2
[DisplayManager] cols=2, count=2
[DisplayManager] i=0, imgIdx=55, imagePath=00056.jpg
[DisplayManager] LoadImageIntoPictureBox(imagePath=C:\Users\fc3c1\AppData\Local\MangaViewer\CBZCache\77f64cd7ef5596a437c76fe9db330d4e\00056.jpg)
[DisplayManager] i=1, imgIdx=54, imagePath=00055.jpg
[DisplayManager] LoadImageIntoPictureBox(imagePath=C:\Users\fc3c1\AppData\Local\MangaViewer\CBZCache\77f64cd7ef5596a437c76fe9db330d4e\00055.jpg)
[DisplayManager] DisplayImages(startIndex=56, DisplayCount=2, ImagePaths.Count=167)
[DisplayManager] pictureBoxes.Length=2, count=2
[DisplayManager] cols=2, count=2
[DisplayManager] i=0, imgIdx=57, imagePath=00058.jpg
[DisplayManager] LoadImageIntoPictureBox(imagePath=C:\Users\fc3c1\AppData\Local\MangaViewer\CBZCache\77f64cd7ef5596a437c76fe9db330d4e\00058.jpg)
[DisplayManager] i=1, imgIdx=56, imagePath=00057.jpg
[DisplayManager] LoadImageIntoPictureBox(imagePath=C:\Users\fc3c1\AppData\Local\MangaViewer\CBZCache\77f64cd7ef5596a437c76fe9db330d4e\00057.jpg)
[DisplayManager] DisplayImages(startIndex=58, DisplayCount=2, ImagePaths.Count=167)
[DisplayManager] pictureBoxes.Length=2, count=2
[DisplayManager] cols=2, count=2
[DisplayManager] i=0, imgIdx=59, imagePath=00060.jpg
[DisplayManager] LoadImageIntoPictureBox(imagePath=C:\Users\fc3c1\AppData\Local\MangaViewer\CBZCache\77f64cd7ef5596a437c76fe9db330d4e\00060.jpg)
[DisplayManager] i=1, imgIdx=58, imagePath=00059.jpg
[DisplayManager] LoadImageIntoPictureBox(imagePath=C:\Users\fc3c1\AppData\Local\MangaViewer\CBZCache\77f64cd7ef5596a437c76fe9db330d4e\00059.jpg)
[DisplayManager] DisplayImages(startIndex=60, DisplayCount=2, ImagePaths.Count=167)
[DisplayManager] pictureBoxes.Length=2, count=2
[DisplayManager] cols=2, count=2
[DisplayManager] i=0, imgIdx=61, imagePath=00062.jpg
[DisplayManager] LoadImageIntoPictureBox(imagePath=C:\Users\fc3c1\AppData\Local\MangaViewer\CBZCache\77f64cd7ef5596a437c76fe9db330d4e\00062.jpg)
[DisplayManager] i=1, imgIdx=60, imagePath=00061.jpg
[DisplayManager] LoadImageIntoPictureBox(imagePath=C:\Users\fc3c1\AppData\Local\MangaViewer\CBZCache\77f64cd7ef5596a437c76fe9db330d4e\00061.jpg)
[DisplayManager] DisplayImages(startIndex=62, DisplayCount=2, ImagePaths.Count=167)
[DisplayManager] pictureBoxes.Length=2, count=2
[DisplayManager] cols=2, count=2
[DisplayManager] i=0, imgIdx=63, imagePath=00064.jpg
[DisplayManager] LoadImageIntoPictureBox(imagePath=C:\Users\fc3c1\AppData\Local\MangaViewer\CBZCache\77f64cd7ef5596a437c76fe9db330d4e\00064.jpg)
[DisplayManager] i=1, imgIdx=62, imagePath=00063.jpg
[DisplayManager] LoadImageIntoPictureBox(imagePath=C:\Users\fc3c1\AppData\Local\MangaViewer\CBZCache\77f64cd7ef5596a437c76fe9db330d4e\00063.jpg)
[DisplayManager] DisplayImages(startIndex=64, DisplayCount=2, ImagePaths.Count=167)
[DisplayManager] pictureBoxes.Length=2, count=2
[DisplayManager] cols=2, count=2
[DisplayManager] i=0, imgIdx=65, imagePath=00066.jpg
[DisplayManager] LoadImageIntoPictureBox(imagePath=C:\Users\fc3c1\AppData\Local\MangaViewer\CBZCache\77f64cd7ef5596a437c76fe9db330d4e\00066.jpg)
[DisplayManager] i=1, imgIdx=64, imagePath=00065.jpg
[DisplayManager] LoadImageIntoPictureBox(imagePath=C:\Users\fc3c1\AppData\Local\MangaViewer\CBZCache\77f64cd7ef5596a437c76fe9db330d4e\00065.jpg)
[DisplayManager] DisplayImages(startIndex=66, DisplayCount=2, ImagePaths.Count=167)
[DisplayManager] pictureBoxes.Length=2, count=2
[DisplayManager] cols=2, count=2
[DisplayManager] i=0, imgIdx=67, imagePath=00068.jpg
[DisplayManager] LoadImageIntoPictureBox(imagePath=C:\Users\fc3c1\AppData\Local\MangaViewer\CBZCache\77f64cd7ef5596a437c76fe9db330d4e\00068.jpg)
[DisplayManager] i=1, imgIdx=66, imagePath=00067.jpg
[DisplayManager] LoadImageIntoPictureBox(imagePath=C:\Users\fc3c1\AppData\Local\MangaViewer\CBZCache\77f64cd7ef5596a437c76fe9db330d4e\00067.jpg)
[DisplayManager] DisplayImages(startIndex=68, DisplayCount=2, ImagePaths.Count=167)
[DisplayManager] pictureBoxes.Length=2, count=2
[DisplayManager] cols=2, count=2
[DisplayManager] i=0, imgIdx=69, imagePath=00070.jpg
[DisplayManager] LoadImageIntoPictureBox(imagePath=C:\Users\fc3c1\AppData\Local\MangaViewer\CBZCache\77f64cd7ef5596a437c76fe9db330d4e\00070.jpg)
[DisplayManager] i=1, imgIdx=68, imagePath=00069.jpg
[DisplayManager] LoadImageIntoPictureBox(imagePath=C:\Users\fc3c1\AppData\Local\MangaViewer\CBZCache\77f64cd7ef5596a437c76fe9db330d4e\00069.jpg)
[DisplayManager] DisplayImages(startIndex=70, DisplayCount=2, ImagePaths.Count=167)
[DisplayManager] pictureBoxes.Length=2, count=2
[DisplayManager] cols=2, count=2
[DisplayManager] i=0, imgIdx=71, imagePath=00072.jpg
[DisplayManager] LoadImageIntoPictureBox(imagePath=C:\Users\fc3c1\AppData\Local\MangaViewer\CBZCache\77f64cd7ef5596a437c76fe9db330d4e\00072.jpg)
[DisplayManager] i=1, imgIdx=70, imagePath=00071.jpg
[DisplayManager] LoadImageIntoPictureBox(imagePath=C:\Users\fc3c1\AppData\Local\MangaViewer\CBZCache\77f64cd7ef5596a437c76fe9db330d4e\00071.jpg)
[DisplayManager] DisplayImages(startIndex=72, DisplayCount=2, ImagePaths.Count=167)
[DisplayManager] pictureBoxes.Length=2, count=2
[DisplayManager] cols=2, count=2
[DisplayManager] i=0, imgIdx=73, imagePath=00074.jpg
[DisplayManager] LoadImageIntoPictureBox(imagePath=C:\Users\fc3c1\AppData\Local\MangaViewer\CBZCache\77f64cd7ef5596a437c76fe9db330d4e\00074.jpg)
[DisplayManager] i=1, imgIdx=72, imagePath=00073.jpg
[DisplayManager] LoadImageIntoPictureBox(imagePath=C:\Users\fc3c1\AppData\Local\MangaViewer\CBZCache\77f64cd7ef5596a437c76fe9db330d4e\00073.jpg)
[DisplayManager] DisplayImages(startIndex=74, DisplayCount=2, ImagePaths.Count=167)
[DisplayManager] pictureBoxes.Length=2, count=2
[DisplayManager] cols=2, count=2
[DisplayManager] i=0, imgIdx=75, imagePath=00076.jpg
[DisplayManager] LoadImageIntoPictureBox(imagePath=C:\Users\fc3c1\AppData\Local\MangaViewer\CBZCache\77f64cd7ef5596a437c76fe9db330d4e\00076.jpg)
[DisplayManager] i=1, imgIdx=74, imagePath=00075.jpg
[DisplayManager] LoadImageIntoPictureBox(imagePath=C:\Users\fc3c1\AppData\Local\MangaViewer\CBZCache\77f64cd7ef5596a437c76fe9db330d4e\00075.jpg)
[DisplayManager] DisplayImages(startIndex=76, DisplayCount=2, ImagePaths.Count=167)
[DisplayManager] pictureBoxes.Length=2, count=2
[DisplayManager] cols=2, count=2
[DisplayManager] i=0, imgIdx=77, imagePath=00078.jpg
[DisplayManager] LoadImageIntoPictureBox(imagePath=C:\Users\fc3c1\AppData\Local\MangaViewer\CBZCache\77f64cd7ef5596a437c76fe9db330d4e\00078.jpg)
[DisplayManager] i=1, imgIdx=76, imagePath=00077.jpg
[DisplayManager] LoadImageIntoPictureBox(imagePath=C:\Users\fc3c1\AppData\Local\MangaViewer\CBZCache\77f64cd7ef5596a437c76fe9db330d4e\00077.jpg)
[DisplayManager] DisplayImages(startIndex=78, DisplayCount=2, ImagePaths.Count=167)
[DisplayManager] pictureBoxes.Length=2, count=2
[DisplayManager] cols=2, count=2
[DisplayManager] i=0, imgIdx=79, imagePath=00080.jpg
[DisplayManager] LoadImageIntoPictureBox(imagePath=C:\Users\fc3c1\AppData\Local\MangaViewer\CBZCache\77f64cd7ef5596a437c76fe9db330d4e\00080.jpg)
[DisplayManager] i=1, imgIdx=78, imagePath=00079.jpg
[DisplayManager] LoadImageIntoPictureBox(imagePath=C:\Users\fc3c1\AppData\Local\MangaViewer\CBZCache\77f64cd7ef5596a437c76fe9db330d4e\00079.jpg)
[DisplayManager] DisplayImages(startIndex=80, DisplayCount=2, ImagePaths.Count=167)
[DisplayManager] pictureBoxes.Length=2, count=2
[DisplayManager] cols=2, count=2
[DisplayManager] i=0, imgIdx=81, imagePath=00082.jpg
[DisplayManager] LoadImageIntoPictureBox(imagePath=C:\Users\fc3c1\AppData\Local\MangaViewer\CBZCache\77f64cd7ef5596a437c76fe9db330d4e\00082.jpg)
[DisplayManager] i=1, imgIdx=80, imagePath=00081.jpg
[DisplayManager] LoadImageIntoPictureBox(imagePath=C:\Users\fc3c1\AppData\Local\MangaViewer\CBZCache\77f64cd7ef5596a437c76fe9db330d4e\00081.jpg)
[DisplayManager] DisplayImages(startIndex=82, DisplayCount=2, ImagePaths.Count=167)
[DisplayManager] pictureBoxes.Length=2, count=2
[DisplayManager] cols=2, count=2
[DisplayManager] i=0, imgIdx=83, imagePath=00084.jpg
[DisplayManager] LoadImageIntoPictureBox(imagePath=C:\Users\fc3c1\AppData\Local\MangaViewer\CBZCache\77f64cd7ef5596a437c76fe9db330d4e\00084.jpg)
[DisplayManager] i=1, imgIdx=82, imagePath=00083.jpg
[DisplayManager] LoadImageIntoPictureBox(imagePath=C:\Users\fc3c1\AppData\Local\MangaViewer\CBZCache\77f64cd7ef5596a437c76fe9db330d4e\00083.jpg)
[DisplayManager] DisplayImages(startIndex=84, DisplayCount=2, ImagePaths.Count=167)
[DisplayManager] pictureBoxes.Length=2, count=2
[DisplayManager] cols=2, count=2
[DisplayManager] i=0, imgIdx=85, imagePath=00086.jpg
[DisplayManager] LoadImageIntoPictureBox(imagePath=C:\Users\fc3c1\AppData\Local\MangaViewer\CBZCache\77f64cd7ef5596a437c76fe9db330d4e\00086.jpg)
[DisplayManager] i=1, imgIdx=84, imagePath=00085.jpg
[DisplayManager] LoadImageIntoPictureBox(imagePath=C:\Users\fc3c1\AppData\Local\MangaViewer\CBZCache\77f64cd7ef5596a437c76fe9db330d4e\00085.jpg)
[DisplayManager] DisplayImages(startIndex=86, DisplayCount=2, ImagePaths.Count=167)
[DisplayManager] pictureBoxes.Length=2, count=2
[DisplayManager] cols=2, count=2
[DisplayManager] i=0, imgIdx=87, imagePath=00088.jpg
[DisplayManager] LoadImageIntoPictureBox(imagePath=C:\Users\fc3c1\AppData\Local\MangaViewer\CBZCache\77f64cd7ef5596a437c76fe9db330d4e\00088.jpg)
[DisplayManager] i=1, imgIdx=86, imagePath=00087.jpg
[DisplayManager] LoadImageIntoPictureBox(imagePath=C:\Users\fc3c1\AppData\Local\MangaViewer\CBZCache\77f64cd7ef5596a437c76fe9db330d4e\00087.jpg)
[DisplayManager] DisplayImages(startIndex=88, DisplayCount=2, ImagePaths.Count=167)
[DisplayManager] pictureBoxes.Length=2, count=2
[DisplayManager] cols=2, count=2
[DisplayManager] i=0, imgIdx=89, imagePath=00090.jpg
[DisplayManager] LoadImageIntoPictureBox(imagePath=C:\Users\fc3c1\AppData\Local\MangaViewer\CBZCache\77f64cd7ef5596a437c76fe9db330d4e\00090.jpg)
[DisplayManager] i=1, imgIdx=88, imagePath=00089.jpg
[DisplayManager] LoadImageIntoPictureBox(imagePath=C:\Users\fc3c1\AppData\Local\MangaViewer\CBZCache\77f64cd7ef5596a437c76fe9db330d4e\00089.jpg)
[DisplayManager] DisplayImages(startIndex=90, DisplayCount=2, ImagePaths.Count=167)
[DisplayManager] pictureBoxes.Length=2, count=2
[DisplayManager] cols=2, count=2
[DisplayManager] i=0, imgIdx=91, imagePath=00092.jpg
[DisplayManager] LoadImageIntoPictureBox(imagePath=C:\Users\fc3c1\AppData\Local\MangaViewer\CBZCache\77f64cd7ef5596a437c76fe9db330d4e\00092.jpg)
[DisplayManager] i=1, imgIdx=90, imagePath=00091.jpg
[DisplayManager] LoadImageIntoPictureBox(imagePath=C:\Users\fc3c1\AppData\Local\MangaViewer\CBZCache\77f64cd7ef5596a437c76fe9db330d4e\00091.jpg)
[DisplayManager] DisplayImages(startIndex=92, DisplayCount=2, ImagePaths.Count=167)
[DisplayManager] pictureBoxes.Length=2, count=2
[DisplayManager] cols=2, count=2
[DisplayManager] i=0, imgIdx=93, imagePath=00094.jpg
[DisplayManager] LoadImageIntoPictureBox(imagePath=C:\Users\fc3c1\AppData\Local\MangaViewer\CBZCache\77f64cd7ef5596a437c76fe9db330d4e\00094.jpg)
[DisplayManager] i=1, imgIdx=92, imagePath=00093.jpg
[DisplayManager] LoadImageIntoPictureBox(imagePath=C:\Users\fc3c1\AppData\Local\MangaViewer\CBZCache\77f64cd7ef5596a437c76fe9db330d4e\00093.jpg)
[DisplayManager] DisplayImages(startIndex=94, DisplayCount=2, ImagePaths.Count=167)
[DisplayManager] pictureBoxes.Length=2, count=2
[DisplayManager] cols=2, count=2
[DisplayManager] i=0, imgIdx=95, imagePath=00096.jpg
[DisplayManager] LoadImageIntoPictureBox(imagePath=C:\Users\fc3c1\AppData\Local\MangaViewer\CBZCache\77f64cd7ef5596a437c76fe9db330d4e\00096.jpg)
[DisplayManager] i=1, imgIdx=94, imagePath=00095.jpg
[DisplayManager] LoadImageIntoPictureBox(imagePath=C:\Users\fc3c1\AppData\Local\MangaViewer\CBZCache\77f64cd7ef5596a437c76fe9db330d4e\00095.jpg)
[DisplayManager] DisplayImages(startIndex=96, DisplayCount=2, ImagePaths.Count=167)
[DisplayManager] pictureBoxes.Length=2, count=2
[DisplayManager] cols=2, count=2
[DisplayManager] i=0, imgIdx=97, imagePath=00098.jpg
[DisplayManager] LoadImageIntoPictureBox(imagePath=C:\Users\fc3c1\AppData\Local\MangaViewer\CBZCache\77f64cd7ef5596a437c76fe9db330d4e\00098.jpg)
[DisplayManager] i=1, imgIdx=96, imagePath=00097.jpg
[DisplayManager] LoadImageIntoPictureBox(imagePath=C:\Users\fc3c1\AppData\Local\MangaViewer\CBZCache\77f64cd7ef5596a437c76fe9db330d4e\00097.jpg)
[DisplayManager] DisplayImages(startIndex=98, DisplayCount=2, ImagePaths.Count=167)
[DisplayManager] pictureBoxes.Length=2, count=2
[DisplayManager] cols=2, count=2
[DisplayManager] i=0, imgIdx=99, imagePath=00100.jpg
[DisplayManager] LoadImageIntoPictureBox(imagePath=C:\Users\fc3c1\AppData\Local\MangaViewer\CBZCache\77f64cd7ef5596a437c76fe9db330d4e\00100.jpg)
[DisplayManager] i=1, imgIdx=98, imagePath=00099.jpg
[DisplayManager] LoadImageIntoPictureBox(imagePath=C:\Users\fc3c1\AppData\Local\MangaViewer\CBZCache\77f64cd7ef5596a437c76fe9db330d4e\00099.jpg)
[DisplayManager] DisplayImages(startIndex=100, DisplayCount=2, ImagePaths.Count=167)
[DisplayManager] pictureBoxes.Length=2, count=2
[DisplayManager] cols=2, count=2
[DisplayManager] i=0, imgIdx=101, imagePath=00102.jpg
[DisplayManager] LoadImageIntoPictureBox(imagePath=C:\Users\fc3c1\AppData\Local\MangaViewer\CBZCache\77f64cd7ef5596a437c76fe9db330d4e\00102.jpg)
[DisplayManager] i=1, imgIdx=100, imagePath=00101.jpg
[DisplayManager] LoadImageIntoPictureBox(imagePath=C:\Users\fc3c1\AppData\Local\MangaViewer\CBZCache\77f64cd7ef5596a437c76fe9db330d4e\00101.jpg)
[DisplayManager] DisplayImages(startIndex=102, DisplayCount=2, ImagePaths.Count=167)
[DisplayManager] pictureBoxes.Length=2, count=2
[DisplayManager] cols=2, count=2
[DisplayManager] i=0, imgIdx=103, imagePath=00104.jpg
[DisplayManager] LoadImageIntoPictureBox(imagePath=C:\Users\fc3c1\AppData\Local\MangaViewer\CBZCache\77f64cd7ef5596a437c76fe9db330d4e\00104.jpg)
[DisplayManager] i=1, imgIdx=102, imagePath=00103.jpg
[DisplayManager] LoadImageIntoPictureBox(imagePath=C:\Users\fc3c1\AppData\Local\MangaViewer\CBZCache\77f64cd7ef5596a437c76fe9db330d4e\00103.jpg)
[DisplayManager] DisplayImages(startIndex=104, DisplayCount=2, ImagePaths.Count=167)
[DisplayManager] pictureBoxes.Length=2, count=2
[DisplayManager] cols=2, count=2
[DisplayManager] i=0, imgIdx=105, imagePath=00106.jpg
[DisplayManager] LoadImageIntoPictureBox(imagePath=C:\Users\fc3c1\AppData\Local\MangaViewer\CBZCache\77f64cd7ef5596a437c76fe9db330d4e\00106.jpg)
[DisplayManager] i=1, imgIdx=104, imagePath=00105.jpg
[DisplayManager] LoadImageIntoPictureBox(imagePath=C:\Users\fc3c1\AppData\Local\MangaViewer\CBZCache\77f64cd7ef5596a437c76fe9db330d4e\00105.jpg)
[DisplayManager] DisplayImages(startIndex=106, DisplayCount=2, ImagePaths.Count=167)
[DisplayManager] pictureBoxes.Length=2, count=2
[DisplayManager] cols=2, count=2
[DisplayManager] i=0, imgIdx=107, imagePath=00108.jpg
[DisplayManager] LoadImageIntoPictureBox(imagePath=C:\Users\fc3c1\AppData\Local\MangaViewer\CBZCache\77f64cd7ef5596a437c76fe9db330d4e\00108.jpg)
[DisplayManager] i=1, imgIdx=106, imagePath=00107.jpg
[DisplayManager] LoadImageIntoPictureBox(imagePath=C:\Users\fc3c1\AppData\Local\MangaViewer\CBZCache\77f64cd7ef5596a437c76fe9db330d4e\00107.jpg)
[DisplayManager] DisplayImages(startIndex=108, DisplayCount=2, ImagePaths.Count=167)
[DisplayManager] pictureBoxes.Length=2, count=2
[DisplayManager] cols=2, count=2
[DisplayManager] i=0, imgIdx=109, imagePath=00110.jpg
[DisplayManager] LoadImageIntoPictureBox(imagePath=C:\Users\fc3c1\AppData\Local\MangaViewer\CBZCache\77f64cd7ef5596a437c76fe9db330d4e\00110.jpg)
[DisplayManager] i=1, imgIdx=108, imagePath=00109.jpg
[DisplayManager] LoadImageIntoPictureBox(imagePath=C:\Users\fc3c1\AppData\Local\MangaViewer\CBZCache\77f64cd7ef5596a437c76fe9db330d4e\00109.jpg)
[DisplayManager] DisplayImages(startIndex=110, DisplayCount=2, ImagePaths.Count=167)
[DisplayManager] pictureBoxes.Length=2, count=2
[DisplayManager] cols=2, count=2
[DisplayManager] i=0, imgIdx=111, imagePath=00112.jpg
[DisplayManager] LoadImageIntoPictureBox(imagePath=C:\Users\fc3c1\AppData\Local\MangaViewer\CBZCache\77f64cd7ef5596a437c76fe9db330d4e\00112.jpg)
[DisplayManager] i=1, imgIdx=110, imagePath=00111.jpg
[DisplayManager] LoadImageIntoPictureBox(imagePath=C:\Users\fc3c1\AppData\Local\MangaViewer\CBZCache\77f64cd7ef5596a437c76fe9db330d4e\00111.jpg)
[DisplayManager] DisplayImages(startIndex=112, DisplayCount=2, ImagePaths.Count=167)
[DisplayManager] pictureBoxes.Length=2, count=2
[DisplayManager] cols=2, count=2
[DisplayManager] i=0, imgIdx=113, imagePath=00114.jpg
[DisplayManager] LoadImageIntoPictureBox(imagePath=C:\Users\fc3c1\AppData\Local\MangaViewer\CBZCache\77f64cd7ef5596a437c76fe9db330d4e\00114.jpg)
[DisplayManager] i=1, imgIdx=112, imagePath=00113.jpg
[DisplayManager] LoadImageIntoPictureBox(imagePath=C:\Users\fc3c1\AppData\Local\MangaViewer\CBZCache\77f64cd7ef5596a437c76fe9db330d4e\00113.jpg)
[DisplayManager] DisplayImages(startIndex=114, DisplayCount=2, ImagePaths.Count=167)
[DisplayManager] pictureBoxes.Length=2, count=2
[DisplayManager] cols=2, count=2
[DisplayManager] i=0, imgIdx=115, imagePath=00116.jpg
[DisplayManager] LoadImageIntoPictureBox(imagePath=C:\Users\fc3c1\AppData\Local\MangaViewer\CBZCache\77f64cd7ef5596a437c76fe9db330d4e\00116.jpg)
[DisplayManager] i=1, imgIdx=114, imagePath=00115.jpg
[DisplayManager] LoadImageIntoPictureBox(imagePath=C:\Users\fc3c1\AppData\Local\MangaViewer\CBZCache\77f64cd7ef5596a437c76fe9db330d4e\00115.jpg)
[DisplayManager] DisplayImages(startIndex=116, DisplayCount=2, ImagePaths.Count=167)
[DisplayManager] pictureBoxes.Length=2, count=2
[DisplayManager] cols=2, count=2
[DisplayManager] i=0, imgIdx=117, imagePath=00118.jpg
[DisplayManager] LoadImageIntoPictureBox(imagePath=C:\Users\fc3c1\AppData\Local\MangaViewer\CBZCache\77f64cd7ef5596a437c76fe9db330d4e\00118.jpg)
[DisplayManager] i=1, imgIdx=116, imagePath=00117.jpg
[DisplayManager] LoadImageIntoPictureBox(imagePath=C:\Users\fc3c1\AppData\Local\MangaViewer\CBZCache\77f64cd7ef5596a437c76fe9db330d4e\00117.jpg)
[DisplayManager] DisplayImages(startIndex=118, DisplayCount=2, ImagePaths.Count=167)
[DisplayManager] pictureBoxes.Length=2, count=2
[DisplayManager] cols=2, count=2
[DisplayManager] i=0, imgIdx=119, imagePath=00120.jpg
[DisplayManager] LoadImageIntoPictureBox(imagePath=C:\Users\fc3c1\AppData\Local\MangaViewer\CBZCache\77f64cd7ef5596a437c76fe9db330d4e\00120.jpg)
[DisplayManager] i=1, imgIdx=118, imagePath=00119.jpg
[DisplayManager] LoadImageIntoPictureBox(imagePath=C:\Users\fc3c1\AppData\Local\MangaViewer\CBZCache\77f64cd7ef5596a437c76fe9db330d4e\00119.jpg)
[DisplayManager] DisplayImages(startIndex=120, DisplayCount=2, ImagePaths.Count=167)
[DisplayManager] pictureBoxes.Length=2, count=2
[DisplayManager] cols=2, count=2
[DisplayManager] i=0, imgIdx=121, imagePath=00122.jpg
[DisplayManager] LoadImageIntoPictureBox(imagePath=C:\Users\fc3c1\AppData\Local\MangaViewer\CBZCache\77f64cd7ef5596a437c76fe9db330d4e\00122.jpg)
[DisplayManager] i=1, imgIdx=120, imagePath=00121.jpg
[DisplayManager] LoadImageIntoPictureBox(imagePath=C:\Users\fc3c1\AppData\Local\MangaViewer\CBZCache\77f64cd7ef5596a437c76fe9db330d4e\00121.jpg)
[DisplayManager] DisplayImages(startIndex=122, DisplayCount=2, ImagePaths.Count=167)
[DisplayManager] pictureBoxes.Length=2, count=2
[DisplayManager] cols=2, count=2
[DisplayManager] i=0, imgIdx=123, imagePath=00124.jpg
[DisplayManager] LoadImageIntoPictureBox(imagePath=C:\Users\fc3c1\AppData\Local\MangaViewer\CBZCache\77f64cd7ef5596a437c76fe9db330d4e\00124.jpg)
[DisplayManager] i=1, imgIdx=122, imagePath=00123.jpg
[DisplayManager] LoadImageIntoPictureBox(imagePath=C:\Users\fc3c1\AppData\Local\MangaViewer\CBZCache\77f64cd7ef5596a437c76fe9db330d4e\00123.jpg)
[DisplayManager] DisplayImages(startIndex=120, DisplayCount=2, ImagePaths.Count=167)
[DisplayManager] pictureBoxes.Length=2, count=2
[DisplayManager] cols=2, count=2
[DisplayManager] i=0, imgIdx=121, imagePath=00122.jpg
[DisplayManager] LoadImageIntoPictureBox(imagePath=C:\Users\fc3c1\AppData\Local\MangaViewer\CBZCache\77f64cd7ef5596a437c76fe9db330d4e\00122.jpg)
[DisplayManager] i=1, imgIdx=120, imagePath=00121.jpg
[DisplayManager] LoadImageIntoPictureBox(imagePath=C:\Users\fc3c1\AppData\Local\MangaViewer\CBZCache\77f64cd7ef5596a437c76fe9db330d4e\00121.jpg)
[DisplayManager] DisplayImages(startIndex=122, DisplayCount=2, ImagePaths.Count=167)
[DisplayManager] pictureBoxes.Length=2, count=2
[DisplayManager] cols=2, count=2
[DisplayManager] i=0, imgIdx=123, imagePath=00124.jpg
[DisplayManager] LoadImageIntoPictureBox(imagePath=C:\Users\fc3c1\AppData\Local\MangaViewer\CBZCache\77f64cd7ef5596a437c76fe9db330d4e\00124.jpg)
[DisplayManager] i=1, imgIdx=122, imagePath=00123.jpg
[DisplayManager] LoadImageIntoPictureBox(imagePath=C:\Users\fc3c1\AppData\Local\MangaViewer\CBZCache\77f64cd7ef5596a437c76fe9db330d4e\00123.jpg)
[DisplayManager] DisplayImages(startIndex=124, DisplayCount=2, ImagePaths.Count=167)
[DisplayManager] pictureBoxes.Length=2, count=2
[DisplayManager] cols=2, count=2
[DisplayManager] i=0, imgIdx=125, imagePath=00126.jpg
[DisplayManager] LoadImageIntoPictureBox(imagePath=C:\Users\fc3c1\AppData\Local\MangaViewer\CBZCache\77f64cd7ef5596a437c76fe9db330d4e\00126.jpg)
[DisplayManager] i=1, imgIdx=124, imagePath=00125.jpg
[DisplayManager] LoadImageIntoPictureBox(imagePath=C:\Users\fc3c1\AppData\Local\MangaViewer\CBZCache\77f64cd7ef5596a437c76fe9db330d4e\00125.jpg)
[DisplayManager] DisplayImages(startIndex=126, DisplayCount=2, ImagePaths.Count=167)
[DisplayManager] pictureBoxes.Length=2, count=2
[DisplayManager] cols=2, count=2
[DisplayManager] i=0, imgIdx=127, imagePath=00128.jpg
[DisplayManager] LoadImageIntoPictureBox(imagePath=C:\Users\fc3c1\AppData\Local\MangaViewer\CBZCache\77f64cd7ef5596a437c76fe9db330d4e\00128.jpg)
[DisplayManager] i=1, imgIdx=126, imagePath=00127.jpg
[DisplayManager] LoadImageIntoPictureBox(imagePath=C:\Users\fc3c1\AppData\Local\MangaViewer\CBZCache\77f64cd7ef5596a437c76fe9db330d4e\00127.jpg)
[DisplayManager] DisplayImages(startIndex=128, DisplayCount=2, ImagePaths.Count=167)
[DisplayManager] pictureBoxes.Length=2, count=2
[DisplayManager] cols=2, count=2
[DisplayManager] i=0, imgIdx=129, imagePath=00130.jpg
[DisplayManager] LoadImageIntoPictureBox(imagePath=C:\Users\fc3c1\AppData\Local\MangaViewer\CBZCache\77f64cd7ef5596a437c76fe9db330d4e\00130.jpg)
[DisplayManager] i=1, imgIdx=128, imagePath=00129.jpg
[DisplayManager] LoadImageIntoPictureBox(imagePath=C:\Users\fc3c1\AppData\Local\MangaViewer\CBZCache\77f64cd7ef5596a437c76fe9db330d4e\00129.jpg)
[DisplayManager] DisplayImages(startIndex=130, DisplayCount=2, ImagePaths.Count=167)
[DisplayManager] pictureBoxes.Length=2, count=2
[DisplayManager] cols=2, count=2
[DisplayManager] i=0, imgIdx=131, imagePath=00132.jpg
[DisplayManager] LoadImageIntoPictureBox(imagePath=C:\Users\fc3c1\AppData\Local\MangaViewer\CBZCache\77f64cd7ef5596a437c76fe9db330d4e\00132.jpg)
[DisplayManager] i=1, imgIdx=130, imagePath=00131.jpg
[DisplayManager] LoadImageIntoPictureBox(imagePath=C:\Users\fc3c1\AppData\Local\MangaViewer\CBZCache\77f64cd7ef5596a437c76fe9db330d4e\00131.jpg)
[DisplayManager] DisplayImages(startIndex=132, DisplayCount=2, ImagePaths.Count=167)
[DisplayManager] pictureBoxes.Length=2, count=2
[DisplayManager] cols=2, count=2
[DisplayManager] i=0, imgIdx=133, imagePath=00134.jpg
[DisplayManager] LoadImageIntoPictureBox(imagePath=C:\Users\fc3c1\AppData\Local\MangaViewer\CBZCache\77f64cd7ef5596a437c76fe9db330d4e\00134.jpg)
[DisplayManager] i=1, imgIdx=132, imagePath=00133.jpg
[DisplayManager] LoadImageIntoPictureBox(imagePath=C:\Users\fc3c1\AppData\Local\MangaViewer\CBZCache\77f64cd7ef5596a437c76fe9db330d4e\00133.jpg)
[DisplayManager] DisplayImages(startIndex=134, DisplayCount=2, ImagePaths.Count=167)
[DisplayManager] pictureBoxes.Length=2, count=2
[DisplayManager] cols=2, count=2
[DisplayManager] i=0, imgIdx=135, imagePath=00136.jpg
[DisplayManager] LoadImageIntoPictureBox(imagePath=C:\Users\fc3c1\AppData\Local\MangaViewer\CBZCache\77f64cd7ef5596a437c76fe9db330d4e\00136.jpg)
[DisplayManager] i=1, imgIdx=134, imagePath=00135.jpg
[DisplayManager] LoadImageIntoPictureBox(imagePath=C:\Users\fc3c1\AppData\Local\MangaViewer\CBZCache\77f64cd7ef5596a437c76fe9db330d4e\00135.jpg)
[DisplayManager] DisplayImages(startIndex=136, DisplayCount=2, ImagePaths.Count=167)
[DisplayManager] pictureBoxes.Length=2, count=2
[DisplayManager] cols=2, count=2
[DisplayManager] i=0, imgIdx=137, imagePath=00138.jpg
[DisplayManager] LoadImageIntoPictureBox(imagePath=C:\Users\fc3c1\AppData\Local\MangaViewer\CBZCache\77f64cd7ef5596a437c76fe9db330d4e\00138.jpg)
[DisplayManager] i=1, imgIdx=136, imagePath=00137.jpg
[DisplayManager] LoadImageIntoPictureBox(imagePath=C:\Users\fc3c1\AppData\Local\MangaViewer\CBZCache\77f64cd7ef5596a437c76fe9db330d4e\00137.jpg)
[DisplayManager] DisplayImages(startIndex=138, DisplayCount=2, ImagePaths.Count=167)
[DisplayManager] pictureBoxes.Length=2, count=2
[DisplayManager] cols=2, count=2
[DisplayManager] i=0, imgIdx=139, imagePath=00140.jpg
[DisplayManager] LoadImageIntoPictureBox(imagePath=C:\Users\fc3c1\AppData\Local\MangaViewer\CBZCache\77f64cd7ef5596a437c76fe9db330d4e\00140.jpg)
[DisplayManager] i=1, imgIdx=138, imagePath=00139.jpg
[DisplayManager] LoadImageIntoPictureBox(imagePath=C:\Users\fc3c1\AppData\Local\MangaViewer\CBZCache\77f64cd7ef5596a437c76fe9db330d4e\00139.jpg)
[DisplayManager] DisplayImages(startIndex=140, DisplayCount=2, ImagePaths.Count=167)
[DisplayManager] pictureBoxes.Length=2, count=2
[DisplayManager] cols=2, count=2
[DisplayManager] i=0, imgIdx=141, imagePath=00142.jpg
[DisplayManager] LoadImageIntoPictureBox(imagePath=C:\Users\fc3c1\AppData\Local\MangaViewer\CBZCache\77f64cd7ef5596a437c76fe9db330d4e\00142.jpg)
[DisplayManager] i=1, imgIdx=140, imagePath=00141.jpg
[DisplayManager] LoadImageIntoPictureBox(imagePath=C:\Users\fc3c1\AppData\Local\MangaViewer\CBZCache\77f64cd7ef5596a437c76fe9db330d4e\00141.jpg)
[DisplayManager] DisplayImages(startIndex=142, DisplayCount=2, ImagePaths.Count=167)
[DisplayManager] pictureBoxes.Length=2, count=2
[DisplayManager] cols=2, count=2
[DisplayManager] i=0, imgIdx=143, imagePath=00144.jpg
[DisplayManager] LoadImageIntoPictureBox(imagePath=C:\Users\fc3c1\AppData\Local\MangaViewer\CBZCache\77f64cd7ef5596a437c76fe9db330d4e\00144.jpg)
[DisplayManager] i=1, imgIdx=142, imagePath=00143.jpg
[DisplayManager] LoadImageIntoPictureBox(imagePath=C:\Users\fc3c1\AppData\Local\MangaViewer\CBZCache\77f64cd7ef5596a437c76fe9db330d4e\00143.jpg)
[DisplayManager] DisplayImages(startIndex=144, DisplayCount=2, ImagePaths.Count=167)
[DisplayManager] pictureBoxes.Length=2, count=2
[DisplayManager] cols=2, count=2
[DisplayManager] i=0, imgIdx=145, imagePath=00146.jpg
[DisplayManager] LoadImageIntoPictureBox(imagePath=C:\Users\fc3c1\AppData\Local\MangaViewer\CBZCache\77f64cd7ef5596a437c76fe9db330d4e\00146.jpg)
[DisplayManager] i=1, imgIdx=144, imagePath=00145.jpg
[DisplayManager] LoadImageIntoPictureBox(imagePath=C:\Users\fc3c1\AppData\Local\MangaViewer\CBZCache\77f64cd7ef5596a437c76fe9db330d4e\00145.jpg)
[DisplayManager] DisplayImages(startIndex=146, DisplayCount=2, ImagePaths.Count=167)
[DisplayManager] pictureBoxes.Length=2, count=2
[DisplayManager] cols=2, count=2
[DisplayManager] i=0, imgIdx=147, imagePath=00148.jpg
[DisplayManager] LoadImageIntoPictureBox(imagePath=C:\Users\fc3c1\AppData\Local\MangaViewer\CBZCache\77f64cd7ef5596a437c76fe9db330d4e\00148.jpg)
[DisplayManager] i=1, imgIdx=146, imagePath=00147.jpg
[DisplayManager] LoadImageIntoPictureBox(imagePath=C:\Users\fc3c1\AppData\Local\MangaViewer\CBZCache\77f64cd7ef5596a437c76fe9db330d4e\00147.jpg)
[DisplayManager] DisplayImages(startIndex=148, DisplayCount=2, ImagePaths.Count=167)
[DisplayManager] pictureBoxes.Length=2, count=2
[DisplayManager] cols=2, count=2
[DisplayManager] i=0, imgIdx=149, imagePath=00150.jpg
[DisplayManager] LoadImageIntoPictureBox(imagePath=C:\Users\fc3c1\AppData\Local\MangaViewer\CBZCache\77f64cd7ef5596a437c76fe9db330d4e\00150.jpg)
[DisplayManager] i=1, imgIdx=148, imagePath=00149.jpg
[DisplayManager] LoadImageIntoPictureBox(imagePath=C:\Users\fc3c1\AppData\Local\MangaViewer\CBZCache\77f64cd7ef5596a437c76fe9db330d4e\00149.jpg)
[DisplayManager] DisplayImages(startIndex=150, DisplayCount=2, ImagePaths.Count=167)
[DisplayManager] pictureBoxes.Length=2, count=2
[DisplayManager] cols=2, count=2
[DisplayManager] i=0, imgIdx=151, imagePath=00152.jpg
[DisplayManager] LoadImageIntoPictureBox(imagePath=C:\Users\fc3c1\AppData\Local\MangaViewer\CBZCache\77f64cd7ef5596a437c76fe9db330d4e\00152.jpg)
[DisplayManager] i=1, imgIdx=150, imagePath=00151.jpg
[DisplayManager] LoadImageIntoPictureBox(imagePath=C:\Users\fc3c1\AppData\Local\MangaViewer\CBZCache\77f64cd7ef5596a437c76fe9db330d4e\00151.jpg)
[DisplayManager] DisplayImages(startIndex=152, DisplayCount=2, ImagePaths.Count=167)
[DisplayManager] pictureBoxes.Length=2, count=2
[DisplayManager] cols=2, count=2
[DisplayManager] i=0, imgIdx=153, imagePath=00154.jpg
[DisplayManager] LoadImageIntoPictureBox(imagePath=C:\Users\fc3c1\AppData\Local\MangaViewer\CBZCache\77f64cd7ef5596a437c76fe9db330d4e\00154.jpg)
[DisplayManager] i=1, imgIdx=152, imagePath=00153.jpg
[DisplayManager] LoadImageIntoPictureBox(imagePath=C:\Users\fc3c1\AppData\Local\MangaViewer\CBZCache\77f64cd7ef5596a437c76fe9db330d4e\00153.jpg)
[DisplayManager] DisplayImages(startIndex=154, DisplayCount=2, ImagePaths.Count=167)
[DisplayManager] pictureBoxes.Length=2, count=2
[DisplayManager] cols=2, count=2
[DisplayManager] i=0, imgIdx=155, imagePath=00156.jpg
[DisplayManager] LoadImageIntoPictureBox(imagePath=C:\Users\fc3c1\AppData\Local\MangaViewer\CBZCache\77f64cd7ef5596a437c76fe9db330d4e\00156.jpg)
[DisplayManager] i=1, imgIdx=154, imagePath=00155.jpg
[DisplayManager] LoadImageIntoPictureBox(imagePath=C:\Users\fc3c1\AppData\Local\MangaViewer\CBZCache\77f64cd7ef5596a437c76fe9db330d4e\00155.jpg)
[DisplayManager] DisplayImages(startIndex=156, DisplayCount=2, ImagePaths.Count=167)
[DisplayManager] pictureBoxes.Length=2, count=2
[DisplayManager] cols=2, count=2
[DisplayManager] i=0, imgIdx=157, imagePath=00158.jpg
[DisplayManager] LoadImageIntoPictureBox(imagePath=C:\Users\fc3c1\AppData\Local\MangaViewer\CBZCache\77f64cd7ef5596a437c76fe9db330d4e\00158.jpg)
[DisplayManager] i=1, imgIdx=156, imagePath=00157.jpg
[DisplayManager] LoadImageIntoPictureBox(imagePath=C:\Users\fc3c1\AppData\Local\MangaViewer\CBZCache\77f64cd7ef5596a437c76fe9db330d4e\00157.jpg)
[DisplayManager] DisplayImages(startIndex=158, DisplayCount=2, ImagePaths.Count=167)
[DisplayManager] pictureBoxes.Length=2, count=2
[DisplayManager] cols=2, count=2
[DisplayManager] i=0, imgIdx=159, imagePath=00160.jpg
[DisplayManager] LoadImageIntoPictureBox(imagePath=C:\Users\fc3c1\AppData\Local\MangaViewer\CBZCache\77f64cd7ef5596a437c76fe9db330d4e\00160.jpg)
[DisplayManager] i=1, imgIdx=158, imagePath=00159.jpg
[DisplayManager] LoadImageIntoPictureBox(imagePath=C:\Users\fc3c1\AppData\Local\MangaViewer\CBZCache\77f64cd7ef5596a437c76fe9db330d4e\00159.jpg)
[DisplayManager] DisplayImages(startIndex=160, DisplayCount=2, ImagePaths.Count=167)
[DisplayManager] pictureBoxes.Length=2, count=2
[DisplayManager] cols=2, count=2
[DisplayManager] i=0, imgIdx=161, imagePath=00162.jpg
[DisplayManager] LoadImageIntoPictureBox(imagePath=C:\Users\fc3c1\AppData\Local\MangaViewer\CBZCache\77f64cd7ef5596a437c76fe9db330d4e\00162.jpg)
[DisplayManager] i=1, imgIdx=160, imagePath=00161.jpg
[DisplayManager] LoadImageIntoPictureBox(imagePath=C:\Users\fc3c1\AppData\Local\MangaViewer\CBZCache\77f64cd7ef5596a437c76fe9db330d4e\00161.jpg)
[DisplayManager] DisplayImages(startIndex=162, DisplayCount=2, ImagePaths.Count=167)
[DisplayManager] pictureBoxes.Length=2, count=2
[DisplayManager] cols=2, count=2
[DisplayManager] i=0, imgIdx=163, imagePath=00164.jpg
[DisplayManager] LoadImageIntoPictureBox(imagePath=C:\Users\fc3c1\AppData\Local\MangaViewer\CBZCache\77f64cd7ef5596a437c76fe9db330d4e\00164.jpg)
[DisplayManager] i=1, imgIdx=162, imagePath=00163.jpg
[DisplayManager] LoadImageIntoPictureBox(imagePath=C:\Users\fc3c1\AppData\Local\MangaViewer\CBZCache\77f64cd7ef5596a437c76fe9db330d4e\00163.jpg)
[DisplayManager] DisplayImages(startIndex=164, DisplayCount=2, ImagePaths.Count=167)
[DisplayManager] pictureBoxes.Length=2, count=2
[DisplayManager] cols=2, count=2
[DisplayManager] i=0, imgIdx=165, imagePath=00166.jpg
[DisplayManager] LoadImageIntoPictureBox(imagePath=C:\Users\fc3c1\AppData\Local\MangaViewer\CBZCache\77f64cd7ef5596a437c76fe9db330d4e\00166.jpg)
[DisplayManager] i=1, imgIdx=164, imagePath=00165.jpg
[DisplayManager] LoadImageIntoPictureBox(imagePath=C:\Users\fc3c1\AppData\Local\MangaViewer\CBZCache\77f64cd7ef5596a437c76fe9db330d4e\00165.jpg)
[DisplayManager] DisplayImages(startIndex=166, DisplayCount=2, ImagePaths.Count=167)
[DisplayManager] pictureBoxes.Length=2, count=2
[DisplayManager] cols=2, count=2
[DisplayManager] i=0, imgIdx=167, imagePath=(null)
[DisplayManager] LoadImageIntoPictureBox(imagePath=)
[DisplayManager] i=1, imgIdx=166, imagePath=cover.jpg
[DisplayManager] LoadImageIntoPictureBox(imagePath=C:\Users\fc3c1\AppData\Local\MangaViewer\CBZCache\77f64cd7ef5596a437c76fe9db330d4e\cover.jpg)
[DisplayManager] DisplayImages(startIndex=166, DisplayCount=2, ImagePaths.Count=167)
[DisplayManager] pictureBoxes.Length=2, count=2
[DisplayManager] cols=2, count=2
[DisplayManager] i=0, imgIdx=167, imagePath=(null)
[DisplayManager] LoadImageIntoPictureBox(imagePath=)
[DisplayManager] i=1, imgIdx=166, imagePath=cover.jpg
[DisplayManager] LoadImageIntoPictureBox(imagePath=C:\Users\fc3c1\AppData\Local\MangaViewer\CBZCache\77f64cd7ef5596a437c76fe9db330d4e\cover.jpg)
[DisplayManager] DisplayImages(startIndex=166, DisplayCount=2, ImagePaths.Count=167)
[DisplayManager] pictureBoxes.Length=2, count=2
[DisplayManager] cols=2, count=2
[DisplayManager] i=0, imgIdx=167, imagePath=(null)
[DisplayManager] LoadImageIntoPictureBox(imagePath=)
[DisplayManager] i=1, imgIdx=166, imagePath=cover.jpg
[DisplayManager] LoadImageIntoPictureBox(imagePath=C:\Users\fc3c1\AppData\Local\MangaViewer\CBZCache\77f64cd7ef5596a437c76fe9db330d4e\cover.jpg)
[DisplayManager] DisplayImages(startIndex=0, DisplayCount=2, ImagePaths.Count=167)
[DisplayManager] pictureBoxes.Length=2, count=2
[DisplayManager] cols=2, count=2
[DisplayManager] i=0, imgIdx=1, imagePath=00002.jpg
[DisplayManager] LoadImageIntoPictureBox(imagePath=C:\Users\fc3c1\AppData\Local\MangaViewer\CBZCache\35d157c1922092a006a2c633c2e7a6d7\00002.jpg)
[DisplayManager] i=1, imgIdx=0, imagePath=00001.jpg
[DisplayManager] LoadImageIntoPictureBox(imagePath=C:\Users\fc3c1\AppData\Local\MangaViewer\CBZCache\35d157c1922092a006a2c633c2e7a6d7\00001.jpg)
[DisplayManager] DisplayImages(startIndex=2, DisplayCount=2, ImagePaths.Count=167)
[DisplayManager] pictureBoxes.Length=2, count=2
[DisplayManager] cols=2, count=2
[DisplayManager] i=0, imgIdx=3, imagePath=00004.jpg
[DisplayManager] LoadImageIntoPictureBox(imagePath=C:\Users\fc3c1\AppData\Local\MangaViewer\CBZCache\35d157c1922092a006a2c633c2e7a6d7\00004.jpg)
[DisplayManager] i=1, imgIdx=2, imagePath=00003.jpg
[DisplayManager] LoadImageIntoPictureBox(imagePath=C:\Users\fc3c1\AppData\Local\MangaViewer\CBZCache\35d157c1922092a006a2c633c2e7a6d7\00003.jpg)
[DisplayManager] DisplayImages(startIndex=4, DisplayCount=2, ImagePaths.Count=167)
[DisplayManager] pictureBoxes.Length=2, count=2
[DisplayManager] cols=2, count=2
[DisplayManager] i=0, imgIdx=5, imagePath=00006.jpg
[DisplayManager] LoadImageIntoPictureBox(imagePath=C:\Users\fc3c1\AppData\Local\MangaViewer\CBZCache\35d157c1922092a006a2c633c2e7a6d7\00006.jpg)
[DisplayManager] i=1, imgIdx=4, imagePath=00005.jpg
[DisplayManager] LoadImageIntoPictureBox(imagePath=C:\Users\fc3c1\AppData\Local\MangaViewer\CBZCache\35d157c1922092a006a2c633c2e7a6d7\00005.jpg)
[DisplayManager] DisplayImages(startIndex=6, DisplayCount=2, ImagePaths.Count=167)
[DisplayManager] pictureBoxes.Length=2, count=2
[DisplayManager] cols=2, count=2
[DisplayManager] i=0, imgIdx=7, imagePath=00008.jpg
[DisplayManager] LoadImageIntoPictureBox(imagePath=C:\Users\fc3c1\AppData\Local\MangaViewer\CBZCache\35d157c1922092a006a2c633c2e7a6d7\00008.jpg)
[DisplayManager] i=1, imgIdx=6, imagePath=00007.jpg
[DisplayManager] LoadImageIntoPictureBox(imagePath=C:\Users\fc3c1\AppData\Local\MangaViewer\CBZCache\35d157c1922092a006a2c633c2e7a6d7\00007.jpg)
[DisplayManager] DisplayImages(startIndex=8, DisplayCount=2, ImagePaths.Count=167)
[DisplayManager] pictureBoxes.Length=2, count=2
[DisplayManager] cols=2, count=2
[DisplayManager] i=0, imgIdx=9, imagePath=00010.jpg
[DisplayManager] LoadImageIntoPictureBox(imagePath=C:\Users\fc3c1\AppData\Local\MangaViewer\CBZCache\35d157c1922092a006a2c633c2e7a6d7\00010.jpg)
[DisplayManager] i=1, imgIdx=8, imagePath=00009.jpg
[DisplayManager] LoadImageIntoPictureBox(imagePath=C:\Users\fc3c1\AppData\Local\MangaViewer\CBZCache\35d157c1922092a006a2c633c2e7a6d7\00009.jpg)
[DisplayManager] DisplayImages(startIndex=10, DisplayCount=2, ImagePaths.Count=167)
[DisplayManager] pictureBoxes.Length=2, count=2
[DisplayManager] cols=2, count=2
[DisplayManager] i=0, imgIdx=11, imagePath=00012.jpg
[DisplayManager] LoadImageIntoPictureBox(imagePath=C:\Users\fc3c1\AppData\Local\MangaViewer\CBZCache\35d157c1922092a006a2c633c2e7a6d7\00012.jpg)
[DisplayManager] i=1, imgIdx=10, imagePath=00011.jpg
[DisplayManager] LoadImageIntoPictureBox(imagePath=C:\Users\fc3c1\AppData\Local\MangaViewer\CBZCache\35d157c1922092a006a2c633c2e7a6d7\00011.jpg)
[DisplayManager] DisplayImages(startIndex=12, DisplayCount=2, ImagePaths.Count=167)
[DisplayManager] pictureBoxes.Length=2, count=2
[DisplayManager] cols=2, count=2
[DisplayManager] i=0, imgIdx=13, imagePath=00014.jpg
[DisplayManager] LoadImageIntoPictureBox(imagePath=C:\Users\fc3c1\AppData\Local\MangaViewer\CBZCache\35d157c1922092a006a2c633c2e7a6d7\00014.jpg)
[DisplayManager] i=1, imgIdx=12, imagePath=00013.jpg
[DisplayManager] LoadImageIntoPictureBox(imagePath=C:\Users\fc3c1\AppData\Local\MangaViewer\CBZCache\35d157c1922092a006a2c633c2e7a6d7\00013.jpg)
[DisplayManager] DisplayImages(startIndex=14, DisplayCount=2, ImagePaths.Count=167)
[DisplayManager] pictureBoxes.Length=2, count=2
[DisplayManager] cols=2, count=2
[DisplayManager] i=0, imgIdx=15, imagePath=00016.jpg
[DisplayManager] LoadImageIntoPictureBox(imagePath=C:\Users\fc3c1\AppData\Local\MangaViewer\CBZCache\35d157c1922092a006a2c633c2e7a6d7\00016.jpg)
[DisplayManager] i=1, imgIdx=14, imagePath=00015.jpg
[DisplayManager] LoadImageIntoPictureBox(imagePath=C:\Users\fc3c1\AppData\Local\MangaViewer\CBZCache\35d157c1922092a006a2c633c2e7a6d7\00015.jpg)
[DisplayManager] DisplayImages(startIndex=16, DisplayCount=2, ImagePaths.Count=167)
[DisplayManager] pictureBoxes.Length=2, count=2
[DisplayManager] cols=2, count=2
[DisplayManager] i=0, imgIdx=17, imagePath=00018.jpg
[DisplayManager] LoadImageIntoPictureBox(imagePath=C:\Users\fc3c1\AppData\Local\MangaViewer\CBZCache\35d157c1922092a006a2c633c2e7a6d7\00018.jpg)
[DisplayManager] i=1, imgIdx=16, imagePath=00017.jpg
[DisplayManager] LoadImageIntoPictureBox(imagePath=C:\Users\fc3c1\AppData\Local\MangaViewer\CBZCache\35d157c1922092a006a2c633c2e7a6d7\00017.jpg)
[DisplayManager] DisplayImages(startIndex=18, DisplayCount=2, ImagePaths.Count=167)
[DisplayManager] pictureBoxes.Length=2, count=2
[DisplayManager] cols=2, count=2
[DisplayManager] i=0, imgIdx=19, imagePath=00020.jpg
[DisplayManager] LoadImageIntoPictureBox(imagePath=C:\Users\fc3c1\AppData\Local\MangaViewer\CBZCache\35d157c1922092a006a2c633c2e7a6d7\00020.jpg)
[DisplayManager] i=1, imgIdx=18, imagePath=00019.jpg
[DisplayManager] LoadImageIntoPictureBox(imagePath=C:\Users\fc3c1\AppData\Local\MangaViewer\CBZCache\35d157c1922092a006a2c633c2e7a6d7\00019.jpg)
[DisplayManager] DisplayImages(startIndex=20, DisplayCount=2, ImagePaths.Count=167)
[DisplayManager] pictureBoxes.Length=2, count=2
[DisplayManager] cols=2, count=2
[DisplayManager] i=0, imgIdx=21, imagePath=00022.jpg
[DisplayManager] LoadImageIntoPictureBox(imagePath=C:\Users\fc3c1\AppData\Local\MangaViewer\CBZCache\35d157c1922092a006a2c633c2e7a6d7\00022.jpg)
[DisplayManager] i=1, imgIdx=20, imagePath=00021.jpg
[DisplayManager] LoadImageIntoPictureBox(imagePath=C:\Users\fc3c1\AppData\Local\MangaViewer\CBZCache\35d157c1922092a006a2c633c2e7a6d7\00021.jpg)
[DisplayManager] DisplayImages(startIndex=22, DisplayCount=2, ImagePaths.Count=167)
[DisplayManager] pictureBoxes.Length=2, count=2
[DisplayManager] cols=2, count=2
[DisplayManager] i=0, imgIdx=23, imagePath=00024.jpg
[DisplayManager] LoadImageIntoPictureBox(imagePath=C:\Users\fc3c1\AppData\Local\MangaViewer\CBZCache\35d157c1922092a006a2c633c2e7a6d7\00024.jpg)
[DisplayManager] i=1, imgIdx=22, imagePath=00023.jpg
[DisplayManager] LoadImageIntoPictureBox(imagePath=C:\Users\fc3c1\AppData\Local\MangaViewer\CBZCache\35d157c1922092a006a2c633c2e7a6d7\00023.jpg)
[DisplayManager] DisplayImages(startIndex=24, DisplayCount=2, ImagePaths.Count=167)
[DisplayManager] pictureBoxes.Length=2, count=2
[DisplayManager] cols=2, count=2
[DisplayManager] i=0, imgIdx=25, imagePath=00026.jpg
[DisplayManager] LoadImageIntoPictureBox(imagePath=C:\Users\fc3c1\AppData\Local\MangaViewer\CBZCache\35d157c1922092a006a2c633c2e7a6d7\00026.jpg)
[DisplayManager] i=1, imgIdx=24, imagePath=00025.jpg
[DisplayManager] LoadImageIntoPictureBox(imagePath=C:\Users\fc3c1\AppData\Local\MangaViewer\CBZCache\35d157c1922092a006a2c633c2e7a6d7\00025.jpg)
[DisplayManager] DisplayImages(startIndex=26, DisplayCount=2, ImagePaths.Count=167)
[DisplayManager] pictureBoxes.Length=2, count=2
[DisplayManager] cols=2, count=2
[DisplayManager] i=0, imgIdx=27, imagePath=00028.jpg
[DisplayManager] LoadImageIntoPictureBox(imagePath=C:\Users\fc3c1\AppData\Local\MangaViewer\CBZCache\35d157c1922092a006a2c633c2e7a6d7\00028.jpg)
[DisplayManager] i=1, imgIdx=26, imagePath=00027.jpg
[DisplayManager] LoadImageIntoPictureBox(imagePath=C:\Users\fc3c1\AppData\Local\MangaViewer\CBZCache\35d157c1922092a006a2c633c2e7a6d7\00027.jpg)
[DisplayManager] DisplayImages(startIndex=28, DisplayCount=2, ImagePaths.Count=167)
[DisplayManager] pictureBoxes.Length=2, count=2
[DisplayManager] cols=2, count=2
[DisplayManager] i=0, imgIdx=29, imagePath=00030.jpg
[DisplayManager] LoadImageIntoPictureBox(imagePath=C:\Users\fc3c1\AppData\Local\MangaViewer\CBZCache\35d157c1922092a006a2c633c2e7a6d7\00030.jpg)
[DisplayManager] i=1, imgIdx=28, imagePath=00029.jpg
[DisplayManager] LoadImageIntoPictureBox(imagePath=C:\Users\fc3c1\AppData\Local\MangaViewer\CBZCache\35d157c1922092a006a2c633c2e7a6d7\00029.jpg)
[DisplayManager] DisplayImages(startIndex=26, DisplayCount=2, ImagePaths.Count=167)
[DisplayManager] pictureBoxes.Length=2, count=2
[DisplayManager] cols=2, count=2
[DisplayManager] i=0, imgIdx=27, imagePath=00028.jpg
[DisplayManager] LoadImageIntoPictureBox(imagePath=C:\Users\fc3c1\AppData\Local\MangaViewer\CBZCache\35d157c1922092a006a2c633c2e7a6d7\00028.jpg)
[DisplayManager] i=1, imgIdx=26, imagePath=00027.jpg
[DisplayManager] LoadImageIntoPictureBox(imagePath=C:\Users\fc3c1\AppData\Local\MangaViewer\CBZCache\35d157c1922092a006a2c633c2e7a6d7\00027.jpg)
[DisplayManager] DisplayImages(startIndex=28, DisplayCount=2, ImagePaths.Count=167)
[DisplayManager] pictureBoxes.Length=2, count=2
[DisplayManager] cols=2, count=2
[DisplayManager] i=0, imgIdx=29, imagePath=00030.jpg
[DisplayManager] LoadImageIntoPictureBox(imagePath=C:\Users\fc3c1\AppData\Local\MangaViewer\CBZCache\35d157c1922092a006a2c633c2e7a6d7\00030.jpg)
[DisplayManager] i=1, imgIdx=28, imagePath=00029.jpg
[DisplayManager] LoadImageIntoPictureBox(imagePath=C:\Users\fc3c1\AppData\Local\MangaViewer\CBZCache\35d157c1922092a006a2c633c2e7a6d7\00029.jpg)
[DisplayManager] DisplayImages(startIndex=30, DisplayCount=2, ImagePaths.Count=167)
[DisplayManager] pictureBoxes.Length=2, count=2
[DisplayManager] cols=2, count=2
[DisplayManager] i=0, imgIdx=31, imagePath=00032.jpg
[DisplayManager] LoadImageIntoPictureBox(imagePath=C:\Users\fc3c1\AppData\Local\MangaViewer\CBZCache\35d157c1922092a006a2c633c2e7a6d7\00032.jpg)
[DisplayManager] i=1, imgIdx=30, imagePath=00031.jpg
[DisplayManager] LoadImageIntoPictureBox(imagePath=C:\Users\fc3c1\AppData\Local\MangaViewer\CBZCache\35d157c1922092a006a2c633c2e7a6d7\00031.jpg)
[DisplayManager] DisplayImages(startIndex=32, DisplayCount=2, ImagePaths.Count=167)
[DisplayManager] pictureBoxes.Length=2, count=2
[DisplayManager] cols=2, count=2
[DisplayManager] i=0, imgIdx=33, imagePath=00034.jpg
[DisplayManager] LoadImageIntoPictureBox(imagePath=C:\Users\fc3c1\AppData\Local\MangaViewer\CBZCache\35d157c1922092a006a2c633c2e7a6d7\00034.jpg)
[DisplayManager] i=1, imgIdx=32, imagePath=00033.jpg
[DisplayManager] LoadImageIntoPictureBox(imagePath=C:\Users\fc3c1\AppData\Local\MangaViewer\CBZCache\35d157c1922092a006a2c633c2e7a6d7\00033.jpg)
[DisplayManager] DisplayImages(startIndex=34, DisplayCount=2, ImagePaths.Count=167)
[DisplayManager] pictureBoxes.Length=2, count=2
[DisplayManager] cols=2, count=2
[DisplayManager] i=0, imgIdx=35, imagePath=00036.jpg
[DisplayManager] LoadImageIntoPictureBox(imagePath=C:\Users\fc3c1\AppData\Local\MangaViewer\CBZCache\35d157c1922092a006a2c633c2e7a6d7\00036.jpg)
[DisplayManager] i=1, imgIdx=34, imagePath=00035.jpg
[DisplayManager] LoadImageIntoPictureBox(imagePath=C:\Users\fc3c1\AppData\Local\MangaViewer\CBZCache\35d157c1922092a006a2c633c2e7a6d7\00035.jpg)
[DisplayManager] DisplayImages(startIndex=36, DisplayCount=2, ImagePaths.Count=167)
[DisplayManager] pictureBoxes.Length=2, count=2
[DisplayManager] cols=2, count=2
[DisplayManager] i=0, imgIdx=37, imagePath=00038.jpg
[DisplayManager] LoadImageIntoPictureBox(imagePath=C:\Users\fc3c1\AppData\Local\MangaViewer\CBZCache\35d157c1922092a006a2c633c2e7a6d7\00038.jpg)
[DisplayManager] i=1, imgIdx=36, imagePath=00037.jpg
[DisplayManager] LoadImageIntoPictureBox(imagePath=C:\Users\fc3c1\AppData\Local\MangaViewer\CBZCache\35d157c1922092a006a2c633c2e7a6d7\00037.jpg)
[DisplayManager] DisplayImages(startIndex=38, DisplayCount=2, ImagePaths.Count=167)
[DisplayManager] pictureBoxes.Length=2, count=2
[DisplayManager] cols=2, count=2
[DisplayManager] i=0, imgIdx=39, imagePath=00040.jpg
[DisplayManager] LoadImageIntoPictureBox(imagePath=C:\Users\fc3c1\AppData\Local\MangaViewer\CBZCache\35d157c1922092a006a2c633c2e7a6d7\00040.jpg)
[DisplayManager] i=1, imgIdx=38, imagePath=00039.jpg
[DisplayManager] LoadImageIntoPictureBox(imagePath=C:\Users\fc3c1\AppData\Local\MangaViewer\CBZCache\35d157c1922092a006a2c633c2e7a6d7\00039.jpg)
[DisplayManager] DisplayImages(startIndex=40, DisplayCount=2, ImagePaths.Count=167)
[DisplayManager] pictureBoxes.Length=2, count=2
[DisplayManager] cols=2, count=2
[DisplayManager] i=0, imgIdx=41, imagePath=00042.jpg
[DisplayManager] LoadImageIntoPictureBox(imagePath=C:\Users\fc3c1\AppData\Local\MangaViewer\CBZCache\35d157c1922092a006a2c633c2e7a6d7\00042.jpg)
[DisplayManager] i=1, imgIdx=40, imagePath=00041.jpg
[DisplayManager] LoadImageIntoPictureBox(imagePath=C:\Users\fc3c1\AppData\Local\MangaViewer\CBZCache\35d157c1922092a006a2c633c2e7a6d7\00041.jpg)
[DisplayManager] DisplayImages(startIndex=42, DisplayCount=2, ImagePaths.Count=167)
[DisplayManager] pictureBoxes.Length=2, count=2
[DisplayManager] cols=2, count=2
[DisplayManager] i=0, imgIdx=43, imagePath=00044.jpg
[DisplayManager] LoadImageIntoPictureBox(imagePath=C:\Users\fc3c1\AppData\Local\MangaViewer\CBZCache\35d157c1922092a006a2c633c2e7a6d7\00044.jpg)
[DisplayManager] i=1, imgIdx=42, imagePath=00043.jpg
[DisplayManager] LoadImageIntoPictureBox(imagePath=C:\Users\fc3c1\AppData\Local\MangaViewer\CBZCache\35d157c1922092a006a2c633c2e7a6d7\00043.jpg)
[DisplayManager] DisplayImages(startIndex=44, DisplayCount=2, ImagePaths.Count=167)
[DisplayManager] pictureBoxes.Length=2, count=2
[DisplayManager] cols=2, count=2
[DisplayManager] i=0, imgIdx=45, imagePath=00046.jpg
[DisplayManager] LoadImageIntoPictureBox(imagePath=C:\Users\fc3c1\AppData\Local\MangaViewer\CBZCache\35d157c1922092a006a2c633c2e7a6d7\00046.jpg)
[DisplayManager] i=1, imgIdx=44, imagePath=00045.jpg
[DisplayManager] LoadImageIntoPictureBox(imagePath=C:\Users\fc3c1\AppData\Local\MangaViewer\CBZCache\35d157c1922092a006a2c633c2e7a6d7\00045.jpg)
[DisplayManager] DisplayImages(startIndex=46, DisplayCount=2, ImagePaths.Count=167)
[DisplayManager] pictureBoxes.Length=2, count=2
[DisplayManager] cols=2, count=2
[DisplayManager] i=0, imgIdx=47, imagePath=00048.jpg
[DisplayManager] LoadImageIntoPictureBox(imagePath=C:\Users\fc3c1\AppData\Local\MangaViewer\CBZCache\35d157c1922092a006a2c633c2e7a6d7\00048.jpg)
[DisplayManager] i=1, imgIdx=46, imagePath=00047.jpg
[DisplayManager] LoadImageIntoPictureBox(imagePath=C:\Users\fc3c1\AppData\Local\MangaViewer\CBZCache\35d157c1922092a006a2c633c2e7a6d7\00047.jpg)
[DisplayManager] DisplayImages(startIndex=48, DisplayCount=2, ImagePaths.Count=167)
[DisplayManager] pictureBoxes.Length=2, count=2
[DisplayManager] cols=2, count=2
[DisplayManager] i=0, imgIdx=49, imagePath=00050.jpg
[DisplayManager] LoadImageIntoPictureBox(imagePath=C:\Users\fc3c1\AppData\Local\MangaViewer\CBZCache\35d157c1922092a006a2c633c2e7a6d7\00050.jpg)
[DisplayManager] i=1, imgIdx=48, imagePath=00049.jpg
[DisplayManager] LoadImageIntoPictureBox(imagePath=C:\Users\fc3c1\AppData\Local\MangaViewer\CBZCache\35d157c1922092a006a2c633c2e7a6d7\00049.jpg)
[DisplayManager] DisplayImages(startIndex=50, DisplayCount=2, ImagePaths.Count=167)
[DisplayManager] pictureBoxes.Length=2, count=2
[DisplayManager] cols=2, count=2
[DisplayManager] i=0, imgIdx=51, imagePath=00052.jpg
[DisplayManager] LoadImageIntoPictureBox(imagePath=C:\Users\fc3c1\AppData\Local\MangaViewer\CBZCache\35d157c1922092a006a2c633c2e7a6d7\00052.jpg)
[DisplayManager] i=1, imgIdx=50, imagePath=00051.jpg
[DisplayManager] LoadImageIntoPictureBox(imagePath=C:\Users\fc3c1\AppData\Local\MangaViewer\CBZCache\35d157c1922092a006a2c633c2e7a6d7\00051.jpg)
[DisplayManager] DisplayImages(startIndex=52, DisplayCount=2, ImagePaths.Count=167)
[DisplayManager] pictureBoxes.Length=2, count=2
[DisplayManager] cols=2, count=2
[DisplayManager] i=0, imgIdx=53, imagePath=00054.jpg
[DisplayManager] LoadImageIntoPictureBox(imagePath=C:\Users\fc3c1\AppData\Local\MangaViewer\CBZCache\35d157c1922092a006a2c633c2e7a6d7\00054.jpg)
[DisplayManager] i=1, imgIdx=52, imagePath=00053.jpg
[DisplayManager] LoadImageIntoPictureBox(imagePath=C:\Users\fc3c1\AppData\Local\MangaViewer\CBZCache\35d157c1922092a006a2c633c2e7a6d7\00053.jpg)
[DisplayManager] DisplayImages(startIndex=54, DisplayCount=2, ImagePaths.Count=167)
[DisplayManager] pictureBoxes.Length=2, count=2
[DisplayManager] cols=2, count=2
[DisplayManager] i=0, imgIdx=55, imagePath=00056.jpg
[DisplayManager] LoadImageIntoPictureBox(imagePath=C:\Users\fc3c1\AppData\Local\MangaViewer\CBZCache\35d157c1922092a006a2c633c2e7a6d7\00056.jpg)
[DisplayManager] i=1, imgIdx=54, imagePath=00055.jpg
[DisplayManager] LoadImageIntoPictureBox(imagePath=C:\Users\fc3c1\AppData\Local\MangaViewer\CBZCache\35d157c1922092a006a2c633c2e7a6d7\00055.jpg)
[DisplayManager] DisplayImages(startIndex=56, DisplayCount=2, ImagePaths.Count=167)
[DisplayManager] pictureBoxes.Length=2, count=2
[DisplayManager] cols=2, count=2
[DisplayManager] i=0, imgIdx=57, imagePath=00058.jpg
[DisplayManager] LoadImageIntoPictureBox(imagePath=C:\Users\fc3c1\AppData\Local\MangaViewer\CBZCache\35d157c1922092a006a2c633c2e7a6d7\00058.jpg)
[DisplayManager] i=1, imgIdx=56, imagePath=00057.jpg
[DisplayManager] LoadImageIntoPictureBox(imagePath=C:\Users\fc3c1\AppData\Local\MangaViewer\CBZCache\35d157c1922092a006a2c633c2e7a6d7\00057.jpg)
[DisplayManager] DisplayImages(startIndex=58, DisplayCount=2, ImagePaths.Count=167)
[DisplayManager] pictureBoxes.Length=2, count=2
[DisplayManager] cols=2, count=2
[DisplayManager] i=0, imgIdx=59, imagePath=00060.jpg
[DisplayManager] LoadImageIntoPictureBox(imagePath=C:\Users\fc3c1\AppData\Local\MangaViewer\CBZCache\35d157c1922092a006a2c633c2e7a6d7\00060.jpg)
[DisplayManager] i=1, imgIdx=58, imagePath=00059.jpg
[DisplayManager] LoadImageIntoPictureBox(imagePath=C:\Users\fc3c1\AppData\Local\MangaViewer\CBZCache\35d157c1922092a006a2c633c2e7a6d7\00059.jpg)
[DisplayManager] DisplayImages(startIndex=60, DisplayCount=2, ImagePaths.Count=167)
[DisplayManager] pictureBoxes.Length=2, count=2
[DisplayManager] cols=2, count=2
[DisplayManager] i=0, imgIdx=61, imagePath=00062.jpg
[DisplayManager] LoadImageIntoPictureBox(imagePath=C:\Users\fc3c1\AppData\Local\MangaViewer\CBZCache\35d157c1922092a006a2c633c2e7a6d7\00062.jpg)
[DisplayManager] i=1, imgIdx=60, imagePath=00061.jpg
[DisplayManager] LoadImageIntoPictureBox(imagePath=C:\Users\fc3c1\AppData\Local\MangaViewer\CBZCache\35d157c1922092a006a2c633c2e7a6d7\00061.jpg)
[DisplayManager] DisplayImages(startIndex=62, DisplayCount=2, ImagePaths.Count=167)
[DisplayManager] pictureBoxes.Length=2, count=2
[DisplayManager] cols=2, count=2
[DisplayManager] i=0, imgIdx=63, imagePath=00064.jpg
[DisplayManager] LoadImageIntoPictureBox(imagePath=C:\Users\fc3c1\AppData\Local\MangaViewer\CBZCache\35d157c1922092a006a2c633c2e7a6d7\00064.jpg)
[DisplayManager] i=1, imgIdx=62, imagePath=00063.jpg
[DisplayManager] LoadImageIntoPictureBox(imagePath=C:\Users\fc3c1\AppData\Local\MangaViewer\CBZCache\35d157c1922092a006a2c633c2e7a6d7\00063.jpg)
[DisplayManager] DisplayImages(startIndex=64, DisplayCount=2, ImagePaths.Count=167)
[DisplayManager] pictureBoxes.Length=2, count=2
[DisplayManager] cols=2, count=2
[DisplayManager] i=0, imgIdx=65, imagePath=00066.jpg
[DisplayManager] LoadImageIntoPictureBox(imagePath=C:\Users\fc3c1\AppData\Local\MangaViewer\CBZCache\35d157c1922092a006a2c633c2e7a6d7\00066.jpg)
[DisplayManager] i=1, imgIdx=64, imagePath=00065.jpg
[DisplayManager] LoadImageIntoPictureBox(imagePath=C:\Users\fc3c1\AppData\Local\MangaViewer\CBZCache\35d157c1922092a006a2c633c2e7a6d7\00065.jpg)
[DisplayManager] DisplayImages(startIndex=66, DisplayCount=2, ImagePaths.Count=167)
[DisplayManager] pictureBoxes.Length=2, count=2
[DisplayManager] cols=2, count=2
[DisplayManager] i=0, imgIdx=67, imagePath=00068.jpg
[DisplayManager] LoadImageIntoPictureBox(imagePath=C:\Users\fc3c1\AppData\Local\MangaViewer\CBZCache\35d157c1922092a006a2c633c2e7a6d7\00068.jpg)
[DisplayManager] i=1, imgIdx=66, imagePath=00067.jpg
[DisplayManager] LoadImageIntoPictureBox(imagePath=C:\Users\fc3c1\AppData\Local\MangaViewer\CBZCache\35d157c1922092a006a2c633c2e7a6d7\00067.jpg)
[DisplayManager] DisplayImages(startIndex=68, DisplayCount=2, ImagePaths.Count=167)
[DisplayManager] pictureBoxes.Length=2, count=2
[DisplayManager] cols=2, count=2
[DisplayManager] i=0, imgIdx=69, imagePath=00070.jpg
[DisplayManager] LoadImageIntoPictureBox(imagePath=C:\Users\fc3c1\AppData\Local\MangaViewer\CBZCache\35d157c1922092a006a2c633c2e7a6d7\00070.jpg)
[DisplayManager] i=1, imgIdx=68, imagePath=00069.jpg
[DisplayManager] LoadImageIntoPictureBox(imagePath=C:\Users\fc3c1\AppData\Local\MangaViewer\CBZCache\35d157c1922092a006a2c633c2e7a6d7\00069.jpg)
[DisplayManager] DisplayImages(startIndex=70, DisplayCount=2, ImagePaths.Count=167)
[DisplayManager] pictureBoxes.Length=2, count=2
[DisplayManager] cols=2, count=2
[DisplayManager] i=0, imgIdx=71, imagePath=00072.jpg
[DisplayManager] LoadImageIntoPictureBox(imagePath=C:\Users\fc3c1\AppData\Local\MangaViewer\CBZCache\35d157c1922092a006a2c633c2e7a6d7\00072.jpg)
[DisplayManager] i=1, imgIdx=70, imagePath=00071.jpg
[DisplayManager] LoadImageIntoPictureBox(imagePath=C:\Users\fc3c1\AppData\Local\MangaViewer\CBZCache\35d157c1922092a006a2c633c2e7a6d7\00071.jpg)
[DisplayManager] DisplayImages(startIndex=72, DisplayCount=2, ImagePaths.Count=167)
[DisplayManager] pictureBoxes.Length=2, count=2
[DisplayManager] cols=2, count=2
[DisplayManager] i=0, imgIdx=73, imagePath=00074.jpg
[DisplayManager] LoadImageIntoPictureBox(imagePath=C:\Users\fc3c1\AppData\Local\MangaViewer\CBZCache\35d157c1922092a006a2c633c2e7a6d7\00074.jpg)
[DisplayManager] i=1, imgIdx=72, imagePath=00073.jpg
[DisplayManager] LoadImageIntoPictureBox(imagePath=C:\Users\fc3c1\AppData\Local\MangaViewer\CBZCache\35d157c1922092a006a2c633c2e7a6d7\00073.jpg)
[DisplayManager] DisplayImages(startIndex=70, DisplayCount=2, ImagePaths.Count=167)
[DisplayManager] pictureBoxes.Length=2, count=2
[DisplayManager] cols=2, count=2
[DisplayManager] i=0, imgIdx=71, imagePath=00072.jpg
[DisplayManager] LoadImageIntoPictureBox(imagePath=C:\Users\fc3c1\AppData\Local\MangaViewer\CBZCache\35d157c1922092a006a2c633c2e7a6d7\00072.jpg)
[DisplayManager] i=1, imgIdx=70, imagePath=00071.jpg
[DisplayManager] LoadImageIntoPictureBox(imagePath=C:\Users\fc3c1\AppData\Local\MangaViewer\CBZCache\35d157c1922092a006a2c633c2e7a6d7\00071.jpg)
[DisplayManager] DisplayImages(startIndex=72, DisplayCount=2, ImagePaths.Count=167)
[DisplayManager] pictureBoxes.Length=2, count=2
[DisplayManager] cols=2, count=2
[DisplayManager] i=0, imgIdx=73, imagePath=00074.jpg
[DisplayManager] LoadImageIntoPictureBox(imagePath=C:\Users\fc3c1\AppData\Local\MangaViewer\CBZCache\35d157c1922092a006a2c633c2e7a6d7\00074.jpg)
[DisplayManager] i=1, imgIdx=72, imagePath=00073.jpg
[DisplayManager] LoadImageIntoPictureBox(imagePath=C:\Users\fc3c1\AppData\Local\MangaViewer\CBZCache\35d157c1922092a006a2c633c2e7a6d7\00073.jpg)
[DisplayManager] DisplayImages(startIndex=74, DisplayCount=2, ImagePaths.Count=167)
[DisplayManager] pictureBoxes.Length=2, count=2
[DisplayManager] cols=2, count=2
[DisplayManager] i=0, imgIdx=75, imagePath=00076.jpg
[DisplayManager] LoadImageIntoPictureBox(imagePath=C:\Users\fc3c1\AppData\Local\MangaViewer\CBZCache\35d157c1922092a006a2c633c2e7a6d7\00076.jpg)
[DisplayManager] i=1, imgIdx=74, imagePath=00075.jpg
[DisplayManager] LoadImageIntoPictureBox(imagePath=C:\Users\fc3c1\AppData\Local\MangaViewer\CBZCache\35d157c1922092a006a2c633c2e7a6d7\00075.jpg)
[DisplayManager] DisplayImages(startIndex=76, DisplayCount=2, ImagePaths.Count=167)
[DisplayManager] pictureBoxes.Length=2, count=2
[DisplayManager] cols=2, count=2
[DisplayManager] i=0, imgIdx=77, imagePath=00078.jpg
[DisplayManager] LoadImageIntoPictureBox(imagePath=C:\Users\fc3c1\AppData\Local\MangaViewer\CBZCache\35d157c1922092a006a2c633c2e7a6d7\00078.jpg)
[DisplayManager] i=1, imgIdx=76, imagePath=00077.jpg
[DisplayManager] LoadImageIntoPictureBox(imagePath=C:\Users\fc3c1\AppData\Local\MangaViewer\CBZCache\35d157c1922092a006a2c633c2e7a6d7\00077.jpg)
[DisplayManager] DisplayImages(startIndex=78, DisplayCount=2, ImagePaths.Count=167)
[DisplayManager] pictureBoxes.Length=2, count=2
[DisplayManager] cols=2, count=2
[DisplayManager] i=0, imgIdx=79, imagePath=00080.jpg
[DisplayManager] LoadImageIntoPictureBox(imagePath=C:\Users\fc3c1\AppData\Local\MangaViewer\CBZCache\35d157c1922092a006a2c633c2e7a6d7\00080.jpg)
[DisplayManager] i=1, imgIdx=78, imagePath=00079.jpg
[DisplayManager] LoadImageIntoPictureBox(imagePath=C:\Users\fc3c1\AppData\Local\MangaViewer\CBZCache\35d157c1922092a006a2c633c2e7a6d7\00079.jpg)
[DisplayManager] DisplayImages(startIndex=80, DisplayCount=2, ImagePaths.Count=167)
[DisplayManager] pictureBoxes.Length=2, count=2
[DisplayManager] cols=2, count=2
[DisplayManager] i=0, imgIdx=81, imagePath=00082.jpg
[DisplayManager] LoadImageIntoPictureBox(imagePath=C:\Users\fc3c1\AppData\Local\MangaViewer\CBZCache\35d157c1922092a006a2c633c2e7a6d7\00082.jpg)
[DisplayManager] i=1, imgIdx=80, imagePath=00081.jpg
[DisplayManager] LoadImageIntoPictureBox(imagePath=C:\Users\fc3c1\AppData\Local\MangaViewer\CBZCache\35d157c1922092a006a2c633c2e7a6d7\00081.jpg)
[DisplayManager] DisplayImages(startIndex=82, DisplayCount=2, ImagePaths.Count=167)
[DisplayManager] pictureBoxes.Length=2, count=2
[DisplayManager] cols=2, count=2
[DisplayManager] i=0, imgIdx=83, imagePath=00084.jpg
[DisplayManager] LoadImageIntoPictureBox(imagePath=C:\Users\fc3c1\AppData\Local\MangaViewer\CBZCache\35d157c1922092a006a2c633c2e7a6d7\00084.jpg)
[DisplayManager] i=1, imgIdx=82, imagePath=00083.jpg
[DisplayManager] LoadImageIntoPictureBox(imagePath=C:\Users\fc3c1\AppData\Local\MangaViewer\CBZCache\35d157c1922092a006a2c633c2e7a6d7\00083.jpg)
[DisplayManager] DisplayImages(startIndex=84, DisplayCount=2, ImagePaths.Count=167)
[DisplayManager] pictureBoxes.Length=2, count=2
[DisplayManager] cols=2, count=2
[DisplayManager] i=0, imgIdx=85, imagePath=00086.jpg
[DisplayManager] LoadImageIntoPictureBox(imagePath=C:\Users\fc3c1\AppData\Local\MangaViewer\CBZCache\35d157c1922092a006a2c633c2e7a6d7\00086.jpg)
[DisplayManager] i=1, imgIdx=84, imagePath=00085.jpg
[DisplayManager] LoadImageIntoPictureBox(imagePath=C:\Users\fc3c1\AppData\Local\MangaViewer\CBZCache\35d157c1922092a006a2c633c2e7a6d7\00085.jpg)
[DisplayManager] DisplayImages(startIndex=82, DisplayCount=2, ImagePaths.Count=167)
[DisplayManager] pictureBoxes.Length=2, count=2
[DisplayManager] cols=2, count=2
[DisplayManager] i=0, imgIdx=83, imagePath=00084.jpg
[DisplayManager] LoadImageIntoPictureBox(imagePath=C:\Users\fc3c1\AppData\Local\MangaViewer\CBZCache\35d157c1922092a006a2c633c2e7a6d7\00084.jpg)
[DisplayManager] i=1, imgIdx=82, imagePath=00083.jpg
[DisplayManager] LoadImageIntoPictureBox(imagePath=C:\Users\fc3c1\AppData\Local\MangaViewer\CBZCache\35d157c1922092a006a2c633c2e7a6d7\00083.jpg)
[DisplayManager] DisplayImages(startIndex=84, DisplayCount=2, ImagePaths.Count=167)
[DisplayManager] pictureBoxes.Length=2, count=2
[DisplayManager] cols=2, count=2
[DisplayManager] i=0, imgIdx=85, imagePath=00086.jpg
[DisplayManager] LoadImageIntoPictureBox(imagePath=C:\Users\fc3c1\AppData\Local\MangaViewer\CBZCache\35d157c1922092a006a2c633c2e7a6d7\00086.jpg)
[DisplayManager] i=1, imgIdx=84, imagePath=00085.jpg
[DisplayManager] LoadImageIntoPictureBox(imagePath=C:\Users\fc3c1\AppData\Local\MangaViewer\CBZCache\35d157c1922092a006a2c633c2e7a6d7\00085.jpg)
[DisplayManager] DisplayImages(startIndex=86, DisplayCount=2, ImagePaths.Count=167)
[DisplayManager] pictureBoxes.Length=2, count=2
[DisplayManager] cols=2, count=2
[DisplayManager] i=0, imgIdx=87, imagePath=00088.jpg
[DisplayManager] LoadImageIntoPictureBox(imagePath=C:\Users\fc3c1\AppData\Local\MangaViewer\CBZCache\35d157c1922092a006a2c633c2e7a6d7\00088.jpg)
[DisplayManager] i=1, imgIdx=86, imagePath=00087.jpg
[DisplayManager] LoadImageIntoPictureBox(imagePath=C:\Users\fc3c1\AppData\Local\MangaViewer\CBZCache\35d157c1922092a006a2c633c2e7a6d7\00087.jpg)
[DisplayManager] DisplayImages(startIndex=88, DisplayCount=2, ImagePaths.Count=167)
[DisplayManager] pictureBoxes.Length=2, count=2
[DisplayManager] cols=2, count=2
[DisplayManager] i=0, imgIdx=89, imagePath=00090.jpg
[DisplayManager] LoadImageIntoPictureBox(imagePath=C:\Users\fc3c1\AppData\Local\MangaViewer\CBZCache\35d157c1922092a006a2c633c2e7a6d7\00090.jpg)
[DisplayManager] i=1, imgIdx=88, imagePath=00089.jpg
[DisplayManager] LoadImageIntoPictureBox(imagePath=C:\Users\fc3c1\AppData\Local\MangaViewer\CBZCache\35d157c1922092a006a2c633c2e7a6d7\00089.jpg)
[DisplayManager] DisplayImages(startIndex=90, DisplayCount=2, ImagePaths.Count=167)
[DisplayManager] pictureBoxes.Length=2, count=2
[DisplayManager] cols=2, count=2
[DisplayManager] i=0, imgIdx=91, imagePath=00092.jpg
[DisplayManager] LoadImageIntoPictureBox(imagePath=C:\Users\fc3c1\AppData\Local\MangaViewer\CBZCache\35d157c1922092a006a2c633c2e7a6d7\00092.jpg)
[DisplayManager] i=1, imgIdx=90, imagePath=00091.jpg
[DisplayManager] LoadImageIntoPictureBox(imagePath=C:\Users\fc3c1\AppData\Local\MangaViewer\CBZCache\35d157c1922092a006a2c633c2e7a6d7\00091.jpg)
[DisplayManager] DisplayImages(startIndex=92, DisplayCount=2, ImagePaths.Count=167)
[DisplayManager] pictureBoxes.Length=2, count=2
[DisplayManager] cols=2, count=2
[DisplayManager] i=0, imgIdx=93, imagePath=00094.jpg
[DisplayManager] LoadImageIntoPictureBox(imagePath=C:\Users\fc3c1\AppData\Local\MangaViewer\CBZCache\35d157c1922092a006a2c633c2e7a6d7\00094.jpg)
[DisplayManager] i=1, imgIdx=92, imagePath=00093.jpg
[DisplayManager] LoadImageIntoPictureBox(imagePath=C:\Users\fc3c1\AppData\Local\MangaViewer\CBZCache\35d157c1922092a006a2c633c2e7a6d7\00093.jpg)
[DisplayManager] DisplayImages(startIndex=94, DisplayCount=2, ImagePaths.Count=167)
[DisplayManager] pictureBoxes.Length=2, count=2
[DisplayManager] cols=2, count=2
[DisplayManager] i=0, imgIdx=95, imagePath=00096.jpg
[DisplayManager] LoadImageIntoPictureBox(imagePath=C:\Users\fc3c1\AppData\Local\MangaViewer\CBZCache\35d157c1922092a006a2c633c2e7a6d7\00096.jpg)
[DisplayManager] i=1, imgIdx=94, imagePath=00095.jpg
[DisplayManager] LoadImageIntoPictureBox(imagePath=C:\Users\fc3c1\AppData\Local\MangaViewer\CBZCache\35d157c1922092a006a2c633c2e7a6d7\00095.jpg)
[DisplayManager] DisplayImages(startIndex=96, DisplayCount=2, ImagePaths.Count=167)
[DisplayManager] pictureBoxes.Length=2, count=2
[DisplayManager] cols=2, count=2
[DisplayManager] i=0, imgIdx=97, imagePath=00098.jpg
[DisplayManager] LoadImageIntoPictureBox(imagePath=C:\Users\fc3c1\AppData\Local\MangaViewer\CBZCache\35d157c1922092a006a2c633c2e7a6d7\00098.jpg)
[DisplayManager] i=1, imgIdx=96, imagePath=00097.jpg
[DisplayManager] LoadImageIntoPictureBox(imagePath=C:\Users\fc3c1\AppData\Local\MangaViewer\CBZCache\35d157c1922092a006a2c633c2e7a6d7\00097.jpg)
[DisplayManager] DisplayImages(startIndex=98, DisplayCount=2, ImagePaths.Count=167)
[DisplayManager] pictureBoxes.Length=2, count=2
[DisplayManager] cols=2, count=2
[DisplayManager] i=0, imgIdx=99, imagePath=00100.jpg
[DisplayManager] LoadImageIntoPictureBox(imagePath=C:\Users\fc3c1\AppData\Local\MangaViewer\CBZCache\35d157c1922092a006a2c633c2e7a6d7\00100.jpg)
[DisplayManager] i=1, imgIdx=98, imagePath=00099.jpg
[DisplayManager] LoadImageIntoPictureBox(imagePath=C:\Users\fc3c1\AppData\Local\MangaViewer\CBZCache\35d157c1922092a006a2c633c2e7a6d7\00099.jpg)
[DisplayManager] DisplayImages(startIndex=100, DisplayCount=2, ImagePaths.Count=167)
[DisplayManager] pictureBoxes.Length=2, count=2
[DisplayManager] cols=2, count=2
[DisplayManager] i=0, imgIdx=101, imagePath=00102.jpg
[DisplayManager] LoadImageIntoPictureBox(imagePath=C:\Users\fc3c1\AppData\Local\MangaViewer\CBZCache\35d157c1922092a006a2c633c2e7a6d7\00102.jpg)
[DisplayManager] i=1, imgIdx=100, imagePath=00101.jpg
[DisplayManager] LoadImageIntoPictureBox(imagePath=C:\Users\fc3c1\AppData\Local\MangaViewer\CBZCache\35d157c1922092a006a2c633c2e7a6d7\00101.jpg)
[DisplayManager] DisplayImages(startIndex=102, DisplayCount=2, ImagePaths.Count=167)
[DisplayManager] pictureBoxes.Length=2, count=2
[DisplayManager] cols=2, count=2
[DisplayManager] i=0, imgIdx=103, imagePath=00104.jpg
[DisplayManager] LoadImageIntoPictureBox(imagePath=C:\Users\fc3c1\AppData\Local\MangaViewer\CBZCache\35d157c1922092a006a2c633c2e7a6d7\00104.jpg)
[DisplayManager] i=1, imgIdx=102, imagePath=00103.jpg
[DisplayManager] LoadImageIntoPictureBox(imagePath=C:\Users\fc3c1\AppData\Local\MangaViewer\CBZCache\35d157c1922092a006a2c633c2e7a6d7\00103.jpg)
[DisplayManager] DisplayImages(startIndex=104, DisplayCount=2, ImagePaths.Count=167)
[DisplayManager] pictureBoxes.Length=2, count=2
[DisplayManager] cols=2, count=2
[DisplayManager] i=0, imgIdx=105, imagePath=00106.jpg
[DisplayManager] LoadImageIntoPictureBox(imagePath=C:\Users\fc3c1\AppData\Local\MangaViewer\CBZCache\35d157c1922092a006a2c633c2e7a6d7\00106.jpg)
[DisplayManager] i=1, imgIdx=104, imagePath=00105.jpg
[DisplayManager] LoadImageIntoPictureBox(imagePath=C:\Users\fc3c1\AppData\Local\MangaViewer\CBZCache\35d157c1922092a006a2c633c2e7a6d7\00105.jpg)
[DisplayManager] DisplayImages(startIndex=106, DisplayCount=2, ImagePaths.Count=167)
[DisplayManager] pictureBoxes.Length=2, count=2
[DisplayManager] cols=2, count=2
[DisplayManager] i=0, imgIdx=107, imagePath=00108.jpg
[DisplayManager] LoadImageIntoPictureBox(imagePath=C:\Users\fc3c1\AppData\Local\MangaViewer\CBZCache\35d157c1922092a006a2c633c2e7a6d7\00108.jpg)
[DisplayManager] i=1, imgIdx=106, imagePath=00107.jpg
[DisplayManager] LoadImageIntoPictureBox(imagePath=C:\Users\fc3c1\AppData\Local\MangaViewer\CBZCache\35d157c1922092a006a2c633c2e7a6d7\00107.jpg)
[DisplayManager] DisplayImages(startIndex=108, DisplayCount=2, ImagePaths.Count=167)
[DisplayManager] pictureBoxes.Length=2, count=2
[DisplayManager] cols=2, count=2
[DisplayManager] i=0, imgIdx=109, imagePath=00110.jpg
[DisplayManager] LoadImageIntoPictureBox(imagePath=C:\Users\fc3c1\AppData\Local\MangaViewer\CBZCache\35d157c1922092a006a2c633c2e7a6d7\00110.jpg)
[DisplayManager] i=1, imgIdx=108, imagePath=00109.jpg
[DisplayManager] LoadImageIntoPictureBox(imagePath=C:\Users\fc3c1\AppData\Local\MangaViewer\CBZCache\35d157c1922092a006a2c633c2e7a6d7\00109.jpg)
[DisplayManager] DisplayImages(startIndex=110, DisplayCount=2, ImagePaths.Count=167)
[DisplayManager] pictureBoxes.Length=2, count=2
[DisplayManager] cols=2, count=2
[DisplayManager] i=0, imgIdx=111, imagePath=00112.jpg
[DisplayManager] LoadImageIntoPictureBox(imagePath=C:\Users\fc3c1\AppData\Local\MangaViewer\CBZCache\35d157c1922092a006a2c633c2e7a6d7\00112.jpg)
[DisplayManager] i=1, imgIdx=110, imagePath=00111.jpg
[DisplayManager] LoadImageIntoPictureBox(imagePath=C:\Users\fc3c1\AppData\Local\MangaViewer\CBZCache\35d157c1922092a006a2c633c2e7a6d7\00111.jpg)
[DisplayManager] DisplayImages(startIndex=112, DisplayCount=2, ImagePaths.Count=167)
[DisplayManager] pictureBoxes.Length=2, count=2
[DisplayManager] cols=2, count=2
[DisplayManager] i=0, imgIdx=113, imagePath=00114.jpg
[DisplayManager] LoadImageIntoPictureBox(imagePath=C:\Users\fc3c1\AppData\Local\MangaViewer\CBZCache\35d157c1922092a006a2c633c2e7a6d7\00114.jpg)
[DisplayManager] i=1, imgIdx=112, imagePath=00113.jpg
[DisplayManager] LoadImageIntoPictureBox(imagePath=C:\Users\fc3c1\AppData\Local\MangaViewer\CBZCache\35d157c1922092a006a2c633c2e7a6d7\00113.jpg)
[DisplayManager] DisplayImages(startIndex=114, DisplayCount=2, ImagePaths.Count=167)
[DisplayManager] pictureBoxes.Length=2, count=2
[DisplayManager] cols=2, count=2
[DisplayManager] i=0, imgIdx=115, imagePath=00116.jpg
[DisplayManager] LoadImageIntoPictureBox(imagePath=C:\Users\fc3c1\AppData\Local\MangaViewer\CBZCache\35d157c1922092a006a2c633c2e7a6d7\00116.jpg)
[DisplayManager] i=1, imgIdx=114, imagePath=00115.jpg
[DisplayManager] LoadImageIntoPictureBox(imagePath=C:\Users\fc3c1\AppData\Local\MangaViewer\CBZCache\35d157c1922092a006a2c633c2e7a6d7\00115.jpg)
[DisplayManager] DisplayImages(startIndex=116, DisplayCount=2, ImagePaths.Count=167)
[DisplayManager] pictureBoxes.Length=2, count=2
[DisplayManager] cols=2, count=2
[DisplayManager] i=0, imgIdx=117, imagePath=00118.jpg
[DisplayManager] LoadImageIntoPictureBox(imagePath=C:\Users\fc3c1\AppData\Local\MangaViewer\CBZCache\35d157c1922092a006a2c633c2e7a6d7\00118.jpg)
[DisplayManager] i=1, imgIdx=116, imagePath=00117.jpg
[DisplayManager] LoadImageIntoPictureBox(imagePath=C:\Users\fc3c1\AppData\Local\MangaViewer\CBZCache\35d157c1922092a006a2c633c2e7a6d7\00117.jpg)
[DisplayManager] DisplayImages(startIndex=118, DisplayCount=2, ImagePaths.Count=167)
[DisplayManager] pictureBoxes.Length=2, count=2
[DisplayManager] cols=2, count=2
[DisplayManager] i=0, imgIdx=119, imagePath=00120.jpg
[DisplayManager] LoadImageIntoPictureBox(imagePath=C:\Users\fc3c1\AppData\Local\MangaViewer\CBZCache\35d157c1922092a006a2c633c2e7a6d7\00120.jpg)
[DisplayManager] i=1, imgIdx=118, imagePath=00119.jpg
[DisplayManager] LoadImageIntoPictureBox(imagePath=C:\Users\fc3c1\AppData\Local\MangaViewer\CBZCache\35d157c1922092a006a2c633c2e7a6d7\00119.jpg)
[DisplayManager] DisplayImages(startIndex=120, DisplayCount=2, ImagePaths.Count=167)
[DisplayManager] pictureBoxes.Length=2, count=2
[DisplayManager] cols=2, count=2
[DisplayManager] i=0, imgIdx=121, imagePath=00122.jpg
[DisplayManager] LoadImageIntoPictureBox(imagePath=C:\Users\fc3c1\AppData\Local\MangaViewer\CBZCache\35d157c1922092a006a2c633c2e7a6d7\00122.jpg)
[DisplayManager] i=1, imgIdx=120, imagePath=00121.jpg
[DisplayManager] LoadImageIntoPictureBox(imagePath=C:\Users\fc3c1\AppData\Local\MangaViewer\CBZCache\35d157c1922092a006a2c633c2e7a6d7\00121.jpg)
[DisplayManager] DisplayImages(startIndex=118, DisplayCount=2, ImagePaths.Count=167)
[DisplayManager] pictureBoxes.Length=2, count=2
[DisplayManager] cols=2, count=2
[DisplayManager] i=0, imgIdx=119, imagePath=00120.jpg
[DisplayManager] LoadImageIntoPictureBox(imagePath=C:\Users\fc3c1\AppData\Local\MangaViewer\CBZCache\35d157c1922092a006a2c633c2e7a6d7\00120.jpg)
[DisplayManager] i=1, imgIdx=118, imagePath=00119.jpg
[DisplayManager] LoadImageIntoPictureBox(imagePath=C:\Users\fc3c1\AppData\Local\MangaViewer\CBZCache\35d157c1922092a006a2c633c2e7a6d7\00119.jpg)
[DisplayManager] DisplayImages(startIndex=120, DisplayCount=2, ImagePaths.Count=167)
[DisplayManager] pictureBoxes.Length=2, count=2
[DisplayManager] cols=2, count=2
[DisplayManager] i=0, imgIdx=121, imagePath=00122.jpg
[DisplayManager] LoadImageIntoPictureBox(imagePath=C:\Users\fc3c1\AppData\Local\MangaViewer\CBZCache\35d157c1922092a006a2c633c2e7a6d7\00122.jpg)
[DisplayManager] i=1, imgIdx=120, imagePath=00121.jpg
[DisplayManager] LoadImageIntoPictureBox(imagePath=C:\Users\fc3c1\AppData\Local\MangaViewer\CBZCache\35d157c1922092a006a2c633c2e7a6d7\00121.jpg)
[DisplayManager] DisplayImages(startIndex=122, DisplayCount=2, ImagePaths.Count=167)
[DisplayManager] pictureBoxes.Length=2, count=2
[DisplayManager] cols=2, count=2
[DisplayManager] i=0, imgIdx=123, imagePath=00124.jpg
[DisplayManager] LoadImageIntoPictureBox(imagePath=C:\Users\fc3c1\AppData\Local\MangaViewer\CBZCache\35d157c1922092a006a2c633c2e7a6d7\00124.jpg)
[DisplayManager] i=1, imgIdx=122, imagePath=00123.jpg
[DisplayManager] LoadImageIntoPictureBox(imagePath=C:\Users\fc3c1\AppData\Local\MangaViewer\CBZCache\35d157c1922092a006a2c633c2e7a6d7\00123.jpg)
[DisplayManager] DisplayImages(startIndex=124, DisplayCount=2, ImagePaths.Count=167)
[DisplayManager] pictureBoxes.Length=2, count=2
[DisplayManager] cols=2, count=2
[DisplayManager] i=0, imgIdx=125, imagePath=00126.jpg
[DisplayManager] LoadImageIntoPictureBox(imagePath=C:\Users\fc3c1\AppData\Local\MangaViewer\CBZCache\35d157c1922092a006a2c633c2e7a6d7\00126.jpg)
[DisplayManager] i=1, imgIdx=124, imagePath=00125.jpg
[DisplayManager] LoadImageIntoPictureBox(imagePath=C:\Users\fc3c1\AppData\Local\MangaViewer\CBZCache\35d157c1922092a006a2c633c2e7a6d7\00125.jpg)
[DisplayManager] DisplayImages(startIndex=126, DisplayCount=2, ImagePaths.Count=167)
[DisplayManager] pictureBoxes.Length=2, count=2
[DisplayManager] cols=2, count=2
[DisplayManager] i=0, imgIdx=127, imagePath=00128.jpg
[DisplayManager] LoadImageIntoPictureBox(imagePath=C:\Users\fc3c1\AppData\Local\MangaViewer\CBZCache\35d157c1922092a006a2c633c2e7a6d7\00128.jpg)
[DisplayManager] i=1, imgIdx=126, imagePath=00127.jpg
[DisplayManager] LoadImageIntoPictureBox(imagePath=C:\Users\fc3c1\AppData\Local\MangaViewer\CBZCache\35d157c1922092a006a2c633c2e7a6d7\00127.jpg)
[DisplayManager] DisplayImages(startIndex=128, DisplayCount=2, ImagePaths.Count=167)
[DisplayManager] pictureBoxes.Length=2, count=2
[DisplayManager] cols=2, count=2
[DisplayManager] i=0, imgIdx=129, imagePath=00130.jpg
[DisplayManager] LoadImageIntoPictureBox(imagePath=C:\Users\fc3c1\AppData\Local\MangaViewer\CBZCache\35d157c1922092a006a2c633c2e7a6d7\00130.jpg)
[DisplayManager] i=1, imgIdx=128, imagePath=00129.jpg
[DisplayManager] LoadImageIntoPictureBox(imagePath=C:\Users\fc3c1\AppData\Local\MangaViewer\CBZCache\35d157c1922092a006a2c633c2e7a6d7\00129.jpg)
[DisplayManager] DisplayImages(startIndex=130, DisplayCount=2, ImagePaths.Count=167)
[DisplayManager] pictureBoxes.Length=2, count=2
[DisplayManager] cols=2, count=2
[DisplayManager] i=0, imgIdx=131, imagePath=00132.jpg
[DisplayManager] LoadImageIntoPictureBox(imagePath=C:\Users\fc3c1\AppData\Local\MangaViewer\CBZCache\35d157c1922092a006a2c633c2e7a6d7\00132.jpg)
[DisplayManager] i=1, imgIdx=130, imagePath=00131.jpg
[DisplayManager] LoadImageIntoPictureBox(imagePath=C:\Users\fc3c1\AppData\Local\MangaViewer\CBZCache\35d157c1922092a006a2c633c2e7a6d7\00131.jpg)
[DisplayManager] DisplayImages(startIndex=132, DisplayCount=2, ImagePaths.Count=167)
[DisplayManager] pictureBoxes.Length=2, count=2
[DisplayManager] cols=2, count=2
[DisplayManager] i=0, imgIdx=133, imagePath=00134.jpg
[DisplayManager] LoadImageIntoPictureBox(imagePath=C:\Users\fc3c1\AppData\Local\MangaViewer\CBZCache\35d157c1922092a006a2c633c2e7a6d7\00134.jpg)
[DisplayManager] i=1, imgIdx=132, imagePath=00133.jpg
[DisplayManager] LoadImageIntoPictureBox(imagePath=C:\Users\fc3c1\AppData\Local\MangaViewer\CBZCache\35d157c1922092a006a2c633c2e7a6d7\00133.jpg)
[DisplayManager] DisplayImages(startIndex=134, DisplayCount=2, ImagePaths.Count=167)
[DisplayManager] pictureBoxes.Length=2, count=2
[DisplayManager] cols=2, count=2
[DisplayManager] i=0, imgIdx=135, imagePath=00136.jpg
[DisplayManager] LoadImageIntoPictureBox(imagePath=C:\Users\fc3c1\AppData\Local\MangaViewer\CBZCache\35d157c1922092a006a2c633c2e7a6d7\00136.jpg)
[DisplayManager] i=1, imgIdx=134, imagePath=00135.jpg
[DisplayManager] LoadImageIntoPictureBox(imagePath=C:\Users\fc3c1\AppData\Local\MangaViewer\CBZCache\35d157c1922092a006a2c633c2e7a6d7\00135.jpg)
[DisplayManager] DisplayImages(startIndex=136, DisplayCount=2, ImagePaths.Count=167)
[DisplayManager] pictureBoxes.Length=2, count=2
[DisplayManager] cols=2, count=2
[DisplayManager] i=0, imgIdx=137, imagePath=00138.jpg
[DisplayManager] LoadImageIntoPictureBox(imagePath=C:\Users\fc3c1\AppData\Local\MangaViewer\CBZCache\35d157c1922092a006a2c633c2e7a6d7\00138.jpg)
[DisplayManager] i=1, imgIdx=136, imagePath=00137.jpg
[DisplayManager] LoadImageIntoPictureBox(imagePath=C:\Users\fc3c1\AppData\Local\MangaViewer\CBZCache\35d157c1922092a006a2c633c2e7a6d7\00137.jpg)
[DisplayManager] DisplayImages(startIndex=138, DisplayCount=2, ImagePaths.Count=167)
[DisplayManager] pictureBoxes.Length=2, count=2
[DisplayManager] cols=2, count=2
[DisplayManager] i=0, imgIdx=139, imagePath=00140.jpg
[DisplayManager] LoadImageIntoPictureBox(imagePath=C:\Users\fc3c1\AppData\Local\MangaViewer\CBZCache\35d157c1922092a006a2c633c2e7a6d7\00140.jpg)
[DisplayManager] i=1, imgIdx=138, imagePath=00139.jpg
[DisplayManager] LoadImageIntoPictureBox(imagePath=C:\Users\fc3c1\AppData\Local\MangaViewer\CBZCache\35d157c1922092a006a2c633c2e7a6d7\00139.jpg)
[DisplayManager] DisplayImages(startIndex=140, DisplayCount=2, ImagePaths.Count=167)
[DisplayManager] pictureBoxes.Length=2, count=2
[DisplayManager] cols=2, count=2
[DisplayManager] i=0, imgIdx=141, imagePath=00142.jpg
[DisplayManager] LoadImageIntoPictureBox(imagePath=C:\Users\fc3c1\AppData\Local\MangaViewer\CBZCache\35d157c1922092a006a2c633c2e7a6d7\00142.jpg)
[DisplayManager] i=1, imgIdx=140, imagePath=00141.jpg
[DisplayManager] LoadImageIntoPictureBox(imagePath=C:\Users\fc3c1\AppData\Local\MangaViewer\CBZCache\35d157c1922092a006a2c633c2e7a6d7\00141.jpg)
[DisplayManager] DisplayImages(startIndex=142, DisplayCount=2, ImagePaths.Count=167)
[DisplayManager] pictureBoxes.Length=2, count=2
[DisplayManager] cols=2, count=2
[DisplayManager] i=0, imgIdx=143, imagePath=00144.jpg
[DisplayManager] LoadImageIntoPictureBox(imagePath=C:\Users\fc3c1\AppData\Local\MangaViewer\CBZCache\35d157c1922092a006a2c633c2e7a6d7\00144.jpg)
[DisplayManager] i=1, imgIdx=142, imagePath=00143.jpg
[DisplayManager] LoadImageIntoPictureBox(imagePath=C:\Users\fc3c1\AppData\Local\MangaViewer\CBZCache\35d157c1922092a006a2c633c2e7a6d7\00143.jpg)
[DisplayManager] DisplayImages(startIndex=144, DisplayCount=2, ImagePaths.Count=167)
[DisplayManager] pictureBoxes.Length=2, count=2
[DisplayManager] cols=2, count=2
[DisplayManager] i=0, imgIdx=145, imagePath=00146.jpg
[DisplayManager] LoadImageIntoPictureBox(imagePath=C:\Users\fc3c1\AppData\Local\MangaViewer\CBZCache\35d157c1922092a006a2c633c2e7a6d7\00146.jpg)
[DisplayManager] i=1, imgIdx=144, imagePath=00145.jpg
[DisplayManager] LoadImageIntoPictureBox(imagePath=C:\Users\fc3c1\AppData\Local\MangaViewer\CBZCache\35d157c1922092a006a2c633c2e7a6d7\00145.jpg)
[DisplayManager] DisplayImages(startIndex=146, DisplayCount=2, ImagePaths.Count=167)
[DisplayManager] pictureBoxes.Length=2, count=2
[DisplayManager] cols=2, count=2
[DisplayManager] i=0, imgIdx=147, imagePath=00148.jpg
[DisplayManager] LoadImageIntoPictureBox(imagePath=C:\Users\fc3c1\AppData\Local\MangaViewer\CBZCache\35d157c1922092a006a2c633c2e7a6d7\00148.jpg)
[DisplayManager] i=1, imgIdx=146, imagePath=00147.jpg
[DisplayManager] LoadImageIntoPictureBox(imagePath=C:\Users\fc3c1\AppData\Local\MangaViewer\CBZCache\35d157c1922092a006a2c633c2e7a6d7\00147.jpg)
[DisplayManager] DisplayImages(startIndex=148, DisplayCount=2, ImagePaths.Count=167)
[DisplayManager] pictureBoxes.Length=2, count=2
[DisplayManager] cols=2, count=2
[DisplayManager] i=0, imgIdx=149, imagePath=00150.jpg
[DisplayManager] LoadImageIntoPictureBox(imagePath=C:\Users\fc3c1\AppData\Local\MangaViewer\CBZCache\35d157c1922092a006a2c633c2e7a6d7\00150.jpg)
[DisplayManager] i=1, imgIdx=148, imagePath=00149.jpg
[DisplayManager] LoadImageIntoPictureBox(imagePath=C:\Users\fc3c1\AppData\Local\MangaViewer\CBZCache\35d157c1922092a006a2c633c2e7a6d7\00149.jpg)
[DisplayManager] DisplayImages(startIndex=150, DisplayCount=2, ImagePaths.Count=167)
[DisplayManager] pictureBoxes.Length=2, count=2
[DisplayManager] cols=2, count=2
[DisplayManager] i=0, imgIdx=151, imagePath=00152.jpg
[DisplayManager] LoadImageIntoPictureBox(imagePath=C:\Users\fc3c1\AppData\Local\MangaViewer\CBZCache\35d157c1922092a006a2c633c2e7a6d7\00152.jpg)
[DisplayManager] i=1, imgIdx=150, imagePath=00151.jpg
[DisplayManager] LoadImageIntoPictureBox(imagePath=C:\Users\fc3c1\AppData\Local\MangaViewer\CBZCache\35d157c1922092a006a2c633c2e7a6d7\00151.jpg)
[DisplayManager] DisplayImages(startIndex=152, DisplayCount=2, ImagePaths.Count=167)
[DisplayManager] pictureBoxes.Length=2, count=2
[DisplayManager] cols=2, count=2
[DisplayManager] i=0, imgIdx=153, imagePath=00154.jpg
[DisplayManager] LoadImageIntoPictureBox(imagePath=C:\Users\fc3c1\AppData\Local\MangaViewer\CBZCache\35d157c1922092a006a2c633c2e7a6d7\00154.jpg)
[DisplayManager] i=1, imgIdx=152, imagePath=00153.jpg
[DisplayManager] LoadImageIntoPictureBox(imagePath=C:\Users\fc3c1\AppData\Local\MangaViewer\CBZCache\35d157c1922092a006a2c633c2e7a6d7\00153.jpg)
[DisplayManager] DisplayImages(startIndex=154, DisplayCount=2, ImagePaths.Count=167)
[DisplayManager] pictureBoxes.Length=2, count=2
[DisplayManager] cols=2, count=2
[DisplayManager] i=0, imgIdx=155, imagePath=00156.jpg
[DisplayManager] LoadImageIntoPictureBox(imagePath=C:\Users\fc3c1\AppData\Local\MangaViewer\CBZCache\35d157c1922092a006a2c633c2e7a6d7\00156.jpg)
[DisplayManager] i=1, imgIdx=154, imagePath=00155.jpg
[DisplayManager] LoadImageIntoPictureBox(imagePath=C:\Users\fc3c1\AppData\Local\MangaViewer\CBZCache\35d157c1922092a006a2c633c2e7a6d7\00155.jpg)
[DisplayManager] DisplayImages(startIndex=156, DisplayCount=2, ImagePaths.Count=167)
[DisplayManager] pictureBoxes.Length=2, count=2
[DisplayManager] cols=2, count=2
[DisplayManager] i=0, imgIdx=157, imagePath=00158.jpg
[DisplayManager] LoadImageIntoPictureBox(imagePath=C:\Users\fc3c1\AppData\Local\MangaViewer\CBZCache\35d157c1922092a006a2c633c2e7a6d7\00158.jpg)
[DisplayManager] i=1, imgIdx=156, imagePath=00157.jpg
[DisplayManager] LoadImageIntoPictureBox(imagePath=C:\Users\fc3c1\AppData\Local\MangaViewer\CBZCache\35d157c1922092a006a2c633c2e7a6d7\00157.jpg)
[DisplayManager] DisplayImages(startIndex=158, DisplayCount=2, ImagePaths.Count=167)
[DisplayManager] pictureBoxes.Length=2, count=2
[DisplayManager] cols=2, count=2
[DisplayManager] i=0, imgIdx=159, imagePath=00160.jpg
[DisplayManager] LoadImageIntoPictureBox(imagePath=C:\Users\fc3c1\AppData\Local\MangaViewer\CBZCache\35d157c1922092a006a2c633c2e7a6d7\00160.jpg)
[DisplayManager] i=1, imgIdx=158, imagePath=00159.jpg
[DisplayManager] LoadImageIntoPictureBox(imagePath=C:\Users\fc3c1\AppData\Local\MangaViewer\CBZCache\35d157c1922092a006a2c633c2e7a6d7\00159.jpg)
[DisplayManager] DisplayImages(startIndex=160, DisplayCount=2, ImagePaths.Count=167)
[DisplayManager] pictureBoxes.Length=2, count=2
[DisplayManager] cols=2, count=2
[DisplayManager] i=0, imgIdx=161, imagePath=00162.jpg
[DisplayManager] LoadImageIntoPictureBox(imagePath=C:\Users\fc3c1\AppData\Local\MangaViewer\CBZCache\35d157c1922092a006a2c633c2e7a6d7\00162.jpg)
[DisplayManager] i=1, imgIdx=160, imagePath=00161.jpg
[DisplayManager] LoadImageIntoPictureBox(imagePath=C:\Users\fc3c1\AppData\Local\MangaViewer\CBZCache\35d157c1922092a006a2c633c2e7a6d7\00161.jpg)
[DisplayManager] DisplayImages(startIndex=162, DisplayCount=2, ImagePaths.Count=167)
[DisplayManager] pictureBoxes.Length=2, count=2
[DisplayManager] cols=2, count=2
[DisplayManager] i=0, imgIdx=163, imagePath=00164.jpg
[DisplayManager] LoadImageIntoPictureBox(imagePath=C:\Users\fc3c1\AppData\Local\MangaViewer\CBZCache\35d157c1922092a006a2c633c2e7a6d7\00164.jpg)
[DisplayManager] i=1, imgIdx=162, imagePath=00163.jpg
[DisplayManager] LoadImageIntoPictureBox(imagePath=C:\Users\fc3c1\AppData\Local\MangaViewer\CBZCache\35d157c1922092a006a2c633c2e7a6d7\00163.jpg)
[DisplayManager] DisplayImages(startIndex=164, DisplayCount=2, ImagePaths.Count=167)
[DisplayManager] pictureBoxes.Length=2, count=2
[DisplayManager] cols=2, count=2
[DisplayManager] i=0, imgIdx=165, imagePath=00166.jpg
[DisplayManager] LoadImageIntoPictureBox(imagePath=C:\Users\fc3c1\AppData\Local\MangaViewer\CBZCache\35d157c1922092a006a2c633c2e7a6d7\00166.jpg)
[DisplayManager] i=1, imgIdx=164, imagePath=00165.jpg
[DisplayManager] LoadImageIntoPictureBox(imagePath=C:\Users\fc3c1\AppData\Local\MangaViewer\CBZCache\35d157c1922092a006a2c633c2e7a6d7\00165.jpg)
[DisplayManager] DisplayImages(startIndex=166, DisplayCount=2, ImagePaths.Count=167)
[DisplayManager] pictureBoxes.Length=2, count=2
[DisplayManager] cols=2, count=2
[DisplayManager] i=0, imgIdx=167, imagePath=(null)
[DisplayManager] LoadImageIntoPictureBox(imagePath=)
[DisplayManager] i=1, imgIdx=166, imagePath=cover.jpg
[DisplayManager] LoadImageIntoPictureBox(imagePath=C:\Users\fc3c1\AppData\Local\MangaViewer\CBZCache\35d157c1922092a006a2c633c2e7a6d7\cover.jpg)
[DisplayManager] DisplayImages(startIndex=0, DisplayCount=2, ImagePaths.Count=167)
[DisplayManager] pictureBoxes.Length=2, count=2
[DisplayManager] cols=2, count=2
[DisplayManager] i=0, imgIdx=1, imagePath=00002.jpg
[DisplayManager] LoadImageIntoPictureBox(imagePath=C:\Users\fc3c1\AppData\Local\MangaViewer\CBZCache\65918aceb1ea64be086ba5b6b947d35c\00002.jpg)
[DisplayManager] i=1, imgIdx=0, imagePath=00001.jpg
[DisplayManager] LoadImageIntoPictureBox(imagePath=C:\Users\fc3c1\AppData\Local\MangaViewer\CBZCache\65918aceb1ea64be086ba5b6b947d35c\00001.jpg)
[DisplayManager] DisplayImages(startIndex=2, DisplayCount=2, ImagePaths.Count=167)
[DisplayManager] pictureBoxes.Length=2, count=2
[DisplayManager] cols=2, count=2
[DisplayManager] i=0, imgIdx=3, imagePath=00004.jpg
[DisplayManager] LoadImageIntoPictureBox(imagePath=C:\Users\fc3c1\AppData\Local\MangaViewer\CBZCache\65918aceb1ea64be086ba5b6b947d35c\00004.jpg)
[DisplayManager] i=1, imgIdx=2, imagePath=00003.jpg
[DisplayManager] LoadImageIntoPictureBox(imagePath=C:\Users\fc3c1\AppData\Local\MangaViewer\CBZCache\65918aceb1ea64be086ba5b6b947d35c\00003.jpg)
[DisplayManager] DisplayImages(startIndex=4, DisplayCount=2, ImagePaths.Count=167)
[DisplayManager] pictureBoxes.Length=2, count=2
[DisplayManager] cols=2, count=2
[DisplayManager] i=0, imgIdx=5, imagePath=00006.jpg
[DisplayManager] LoadImageIntoPictureBox(imagePath=C:\Users\fc3c1\AppData\Local\MangaViewer\CBZCache\65918aceb1ea64be086ba5b6b947d35c\00006.jpg)
[DisplayManager] i=1, imgIdx=4, imagePath=00005.jpg
[DisplayManager] LoadImageIntoPictureBox(imagePath=C:\Users\fc3c1\AppData\Local\MangaViewer\CBZCache\65918aceb1ea64be086ba5b6b947d35c\00005.jpg)
[DisplayManager] DisplayImages(startIndex=6, DisplayCount=2, ImagePaths.Count=167)
[DisplayManager] pictureBoxes.Length=2, count=2
[DisplayManager] cols=2, count=2
[DisplayManager] i=0, imgIdx=7, imagePath=00008.jpg
[DisplayManager] LoadImageIntoPictureBox(imagePath=C:\Users\fc3c1\AppData\Local\MangaViewer\CBZCache\65918aceb1ea64be086ba5b6b947d35c\00008.jpg)
[DisplayManager] i=1, imgIdx=6, imagePath=00007.jpg
[DisplayManager] LoadImageIntoPictureBox(imagePath=C:\Users\fc3c1\AppData\Local\MangaViewer\CBZCache\65918aceb1ea64be086ba5b6b947d35c\00007.jpg)
[DisplayManager] DisplayImages(startIndex=8, DisplayCount=2, ImagePaths.Count=167)
[DisplayManager] pictureBoxes.Length=2, count=2
[DisplayManager] cols=2, count=2
[DisplayManager] i=0, imgIdx=9, imagePath=00010.jpg
[DisplayManager] LoadImageIntoPictureBox(imagePath=C:\Users\fc3c1\AppData\Local\MangaViewer\CBZCache\65918aceb1ea64be086ba5b6b947d35c\00010.jpg)
[DisplayManager] i=1, imgIdx=8, imagePath=00009.jpg
[DisplayManager] LoadImageIntoPictureBox(imagePath=C:\Users\fc3c1\AppData\Local\MangaViewer\CBZCache\65918aceb1ea64be086ba5b6b947d35c\00009.jpg)
[DisplayManager] DisplayImages(startIndex=10, DisplayCount=2, ImagePaths.Count=167)
[DisplayManager] pictureBoxes.Length=2, count=2
[DisplayManager] cols=2, count=2
[DisplayManager] i=0, imgIdx=11, imagePath=00012.jpg
[DisplayManager] LoadImageIntoPictureBox(imagePath=C:\Users\fc3c1\AppData\Local\MangaViewer\CBZCache\65918aceb1ea64be086ba5b6b947d35c\00012.jpg)
[DisplayManager] i=1, imgIdx=10, imagePath=00011.jpg
[DisplayManager] LoadImageIntoPictureBox(imagePath=C:\Users\fc3c1\AppData\Local\MangaViewer\CBZCache\65918aceb1ea64be086ba5b6b947d35c\00011.jpg)
[DisplayManager] DisplayImages(startIndex=12, DisplayCount=2, ImagePaths.Count=167)
[DisplayManager] pictureBoxes.Length=2, count=2
[DisplayManager] cols=2, count=2
[DisplayManager] i=0, imgIdx=13, imagePath=00014.jpg
[DisplayManager] LoadImageIntoPictureBox(imagePath=C:\Users\fc3c1\AppData\Local\MangaViewer\CBZCache\65918aceb1ea64be086ba5b6b947d35c\00014.jpg)
[DisplayManager] i=1, imgIdx=12, imagePath=00013.jpg
[DisplayManager] LoadImageIntoPictureBox(imagePath=C:\Users\fc3c1\AppData\Local\MangaViewer\CBZCache\65918aceb1ea64be086ba5b6b947d35c\00013.jpg)
[DisplayManager] DisplayImages(startIndex=14, DisplayCount=2, ImagePaths.Count=167)
[DisplayManager] pictureBoxes.Length=2, count=2
[DisplayManager] cols=2, count=2
[DisplayManager] i=0, imgIdx=15, imagePath=00016.jpg
[DisplayManager] LoadImageIntoPictureBox(imagePath=C:\Users\fc3c1\AppData\Local\MangaViewer\CBZCache\65918aceb1ea64be086ba5b6b947d35c\00016.jpg)
[DisplayManager] i=1, imgIdx=14, imagePath=00015.jpg
[DisplayManager] LoadImageIntoPictureBox(imagePath=C:\Users\fc3c1\AppData\Local\MangaViewer\CBZCache\65918aceb1ea64be086ba5b6b947d35c\00015.jpg)
[DisplayManager] DisplayImages(startIndex=16, DisplayCount=2, ImagePaths.Count=167)
[DisplayManager] pictureBoxes.Length=2, count=2
[DisplayManager] cols=2, count=2
[DisplayManager] i=0, imgIdx=17, imagePath=00018.jpg
[DisplayManager] LoadImageIntoPictureBox(imagePath=C:\Users\fc3c1\AppData\Local\MangaViewer\CBZCache\65918aceb1ea64be086ba5b6b947d35c\00018.jpg)
[DisplayManager] i=1, imgIdx=16, imagePath=00017.jpg
[DisplayManager] LoadImageIntoPictureBox(imagePath=C:\Users\fc3c1\AppData\Local\MangaViewer\CBZCache\65918aceb1ea64be086ba5b6b947d35c\00017.jpg)
[DisplayManager] DisplayImages(startIndex=18, DisplayCount=2, ImagePaths.Count=167)
[DisplayManager] pictureBoxes.Length=2, count=2
[DisplayManager] cols=2, count=2
[DisplayManager] i=0, imgIdx=19, imagePath=00020.jpg
[DisplayManager] LoadImageIntoPictureBox(imagePath=C:\Users\fc3c1\AppData\Local\MangaViewer\CBZCache\65918aceb1ea64be086ba5b6b947d35c\00020.jpg)
[DisplayManager] i=1, imgIdx=18, imagePath=00019.jpg
[DisplayManager] LoadImageIntoPictureBox(imagePath=C:\Users\fc3c1\AppData\Local\MangaViewer\CBZCache\65918aceb1ea64be086ba5b6b947d35c\00019.jpg)
[DisplayManager] DisplayImages(startIndex=20, DisplayCount=2, ImagePaths.Count=167)
[DisplayManager] pictureBoxes.Length=2, count=2
[DisplayManager] cols=2, count=2
[DisplayManager] i=0, imgIdx=21, imagePath=00022.jpg
[DisplayManager] LoadImageIntoPictureBox(imagePath=C:\Users\fc3c1\AppData\Local\MangaViewer\CBZCache\65918aceb1ea64be086ba5b6b947d35c\00022.jpg)
[DisplayManager] i=1, imgIdx=20, imagePath=00021.jpg
[DisplayManager] LoadImageIntoPictureBox(imagePath=C:\Users\fc3c1\AppData\Local\MangaViewer\CBZCache\65918aceb1ea64be086ba5b6b947d35c\00021.jpg)
[DisplayManager] DisplayImages(startIndex=22, DisplayCount=2, ImagePaths.Count=167)
[DisplayManager] pictureBoxes.Length=2, count=2
[DisplayManager] cols=2, count=2
[DisplayManager] i=0, imgIdx=23, imagePath=00024.jpg
[DisplayManager] LoadImageIntoPictureBox(imagePath=C:\Users\fc3c1\AppData\Local\MangaViewer\CBZCache\65918aceb1ea64be086ba5b6b947d35c\00024.jpg)
[DisplayManager] i=1, imgIdx=22, imagePath=00023.jpg
[DisplayManager] LoadImageIntoPictureBox(imagePath=C:\Users\fc3c1\AppData\Local\MangaViewer\CBZCache\65918aceb1ea64be086ba5b6b947d35c\00023.jpg)
[DisplayManager] DisplayImages(startIndex=24, DisplayCount=2, ImagePaths.Count=167)
[DisplayManager] pictureBoxes.Length=2, count=2
[DisplayManager] cols=2, count=2
[DisplayManager] i=0, imgIdx=25, imagePath=00026.jpg
[DisplayManager] LoadImageIntoPictureBox(imagePath=C:\Users\fc3c1\AppData\Local\MangaViewer\CBZCache\65918aceb1ea64be086ba5b6b947d35c\00026.jpg)
[DisplayManager] i=1, imgIdx=24, imagePath=00025.jpg
[DisplayManager] LoadImageIntoPictureBox(imagePath=C:\Users\fc3c1\AppData\Local\MangaViewer\CBZCache\65918aceb1ea64be086ba5b6b947d35c\00025.jpg)
[DisplayManager] DisplayImages(startIndex=26, DisplayCount=2, ImagePaths.Count=167)
[DisplayManager] pictureBoxes.Length=2, count=2
[DisplayManager] cols=2, count=2
[DisplayManager] i=0, imgIdx=27, imagePath=00028.jpg
[DisplayManager] LoadImageIntoPictureBox(imagePath=C:\Users\fc3c1\AppData\Local\MangaViewer\CBZCache\65918aceb1ea64be086ba5b6b947d35c\00028.jpg)
[DisplayManager] i=1, imgIdx=26, imagePath=00027.jpg
[DisplayManager] LoadImageIntoPictureBox(imagePath=C:\Users\fc3c1\AppData\Local\MangaViewer\CBZCache\65918aceb1ea64be086ba5b6b947d35c\00027.jpg)
[DisplayManager] DisplayImages(startIndex=28, DisplayCount=2, ImagePaths.Count=167)
[DisplayManager] pictureBoxes.Length=2, count=2
[DisplayManager] cols=2, count=2
[DisplayManager] i=0, imgIdx=29, imagePath=00030.jpg
[DisplayManager] LoadImageIntoPictureBox(imagePath=C:\Users\fc3c1\AppData\Local\MangaViewer\CBZCache\65918aceb1ea64be086ba5b6b947d35c\00030.jpg)
[DisplayManager] i=1, imgIdx=28, imagePath=00029.jpg
[DisplayManager] LoadImageIntoPictureBox(imagePath=C:\Users\fc3c1\AppData\Local\MangaViewer\CBZCache\65918aceb1ea64be086ba5b6b947d35c\00029.jpg)
[DisplayManager] DisplayImages(startIndex=30, DisplayCount=2, ImagePaths.Count=167)
[DisplayManager] pictureBoxes.Length=2, count=2
[DisplayManager] cols=2, count=2
[DisplayManager] i=0, imgIdx=31, imagePath=00032.jpg
[DisplayManager] LoadImageIntoPictureBox(imagePath=C:\Users\fc3c1\AppData\Local\MangaViewer\CBZCache\65918aceb1ea64be086ba5b6b947d35c\00032.jpg)
[DisplayManager] i=1, imgIdx=30, imagePath=00031.jpg
[DisplayManager] LoadImageIntoPictureBox(imagePath=C:\Users\fc3c1\AppData\Local\MangaViewer\CBZCache\65918aceb1ea64be086ba5b6b947d35c\00031.jpg)
[DisplayManager] DisplayImages(startIndex=32, DisplayCount=2, ImagePaths.Count=167)
[DisplayManager] pictureBoxes.Length=2, count=2
[DisplayManager] cols=2, count=2
[DisplayManager] i=0, imgIdx=33, imagePath=00034.jpg
[DisplayManager] LoadImageIntoPictureBox(imagePath=C:\Users\fc3c1\AppData\Local\MangaViewer\CBZCache\65918aceb1ea64be086ba5b6b947d35c\00034.jpg)
[DisplayManager] i=1, imgIdx=32, imagePath=00033.jpg
[DisplayManager] LoadImageIntoPictureBox(imagePath=C:\Users\fc3c1\AppData\Local\MangaViewer\CBZCache\65918aceb1ea64be086ba5b6b947d35c\00033.jpg)
[DisplayManager] DisplayImages(startIndex=34, DisplayCount=2, ImagePaths.Count=167)
[DisplayManager] pictureBoxes.Length=2, count=2
[DisplayManager] cols=2, count=2
[DisplayManager] i=0, imgIdx=35, imagePath=00036.jpg
[DisplayManager] LoadImageIntoPictureBox(imagePath=C:\Users\fc3c1\AppData\Local\MangaViewer\CBZCache\65918aceb1ea64be086ba5b6b947d35c\00036.jpg)
[DisplayManager] i=1, imgIdx=34, imagePath=00035.jpg
[DisplayManager] LoadImageIntoPictureBox(imagePath=C:\Users\fc3c1\AppData\Local\MangaViewer\CBZCache\65918aceb1ea64be086ba5b6b947d35c\00035.jpg)
[DisplayManager] DisplayImages(startIndex=36, DisplayCount=2, ImagePaths.Count=167)
[DisplayManager] pictureBoxes.Length=2, count=2
[DisplayManager] cols=2, count=2
[DisplayManager] i=0, imgIdx=37, imagePath=00038.jpg
[DisplayManager] LoadImageIntoPictureBox(imagePath=C:\Users\fc3c1\AppData\Local\MangaViewer\CBZCache\65918aceb1ea64be086ba5b6b947d35c\00038.jpg)
[DisplayManager] i=1, imgIdx=36, imagePath=00037.jpg
[DisplayManager] LoadImageIntoPictureBox(imagePath=C:\Users\fc3c1\AppData\Local\MangaViewer\CBZCache\65918aceb1ea64be086ba5b6b947d35c\00037.jpg)
[DisplayManager] DisplayImages(startIndex=38, DisplayCount=2, ImagePaths.Count=167)
[DisplayManager] pictureBoxes.Length=2, count=2
[DisplayManager] cols=2, count=2
[DisplayManager] i=0, imgIdx=39, imagePath=00040.jpg
[DisplayManager] LoadImageIntoPictureBox(imagePath=C:\Users\fc3c1\AppData\Local\MangaViewer\CBZCache\65918aceb1ea64be086ba5b6b947d35c\00040.jpg)
[DisplayManager] i=1, imgIdx=38, imagePath=00039.jpg
[DisplayManager] LoadImageIntoPictureBox(imagePath=C:\Users\fc3c1\AppData\Local\MangaViewer\CBZCache\65918aceb1ea64be086ba5b6b947d35c\00039.jpg)
[DisplayManager] DisplayImages(startIndex=40, DisplayCount=2, ImagePaths.Count=167)
[DisplayManager] pictureBoxes.Length=2, count=2
[DisplayManager] cols=2, count=2
[DisplayManager] i=0, imgIdx=41, imagePath=00042.jpg
[DisplayManager] LoadImageIntoPictureBox(imagePath=C:\Users\fc3c1\AppData\Local\MangaViewer\CBZCache\65918aceb1ea64be086ba5b6b947d35c\00042.jpg)
[DisplayManager] i=1, imgIdx=40, imagePath=00041.jpg
[DisplayManager] LoadImageIntoPictureBox(imagePath=C:\Users\fc3c1\AppData\Local\MangaViewer\CBZCache\65918aceb1ea64be086ba5b6b947d35c\00041.jpg)
[DisplayManager] DisplayImages(startIndex=42, DisplayCount=2, ImagePaths.Count=167)
[DisplayManager] pictureBoxes.Length=2, count=2
[DisplayManager] cols=2, count=2
[DisplayManager] i=0, imgIdx=43, imagePath=00044.jpg
[DisplayManager] LoadImageIntoPictureBox(imagePath=C:\Users\fc3c1\AppData\Local\MangaViewer\CBZCache\65918aceb1ea64be086ba5b6b947d35c\00044.jpg)
[DisplayManager] i=1, imgIdx=42, imagePath=00043.jpg
[DisplayManager] LoadImageIntoPictureBox(imagePath=C:\Users\fc3c1\AppData\Local\MangaViewer\CBZCache\65918aceb1ea64be086ba5b6b947d35c\00043.jpg)
[DisplayManager] DisplayImages(startIndex=44, DisplayCount=2, ImagePaths.Count=167)
[DisplayManager] pictureBoxes.Length=2, count=2
[DisplayManager] cols=2, count=2
[DisplayManager] i=0, imgIdx=45, imagePath=00046.jpg
[DisplayManager] LoadImageIntoPictureBox(imagePath=C:\Users\fc3c1\AppData\Local\MangaViewer\CBZCache\65918aceb1ea64be086ba5b6b947d35c\00046.jpg)
[DisplayManager] i=1, imgIdx=44, imagePath=00045.jpg
[DisplayManager] LoadImageIntoPictureBox(imagePath=C:\Users\fc3c1\AppData\Local\MangaViewer\CBZCache\65918aceb1ea64be086ba5b6b947d35c\00045.jpg)
[DisplayManager] DisplayImages(startIndex=42, DisplayCount=2, ImagePaths.Count=167)
[DisplayManager] pictureBoxes.Length=2, count=2
[DisplayManager] cols=2, count=2
[DisplayManager] i=0, imgIdx=43, imagePath=00044.jpg
[DisplayManager] LoadImageIntoPictureBox(imagePath=C:\Users\fc3c1\AppData\Local\MangaViewer\CBZCache\65918aceb1ea64be086ba5b6b947d35c\00044.jpg)
[DisplayManager] i=1, imgIdx=42, imagePath=00043.jpg
[DisplayManager] LoadImageIntoPictureBox(imagePath=C:\Users\fc3c1\AppData\Local\MangaViewer\CBZCache\65918aceb1ea64be086ba5b6b947d35c\00043.jpg)
[DisplayManager] DisplayImages(startIndex=44, DisplayCount=2, ImagePaths.Count=167)
[DisplayManager] pictureBoxes.Length=2, count=2
[DisplayManager] cols=2, count=2
[DisplayManager] i=0, imgIdx=45, imagePath=00046.jpg
[DisplayManager] LoadImageIntoPictureBox(imagePath=C:\Users\fc3c1\AppData\Local\MangaViewer\CBZCache\65918aceb1ea64be086ba5b6b947d35c\00046.jpg)
[DisplayManager] i=1, imgIdx=44, imagePath=00045.jpg
[DisplayManager] LoadImageIntoPictureBox(imagePath=C:\Users\fc3c1\AppData\Local\MangaViewer\CBZCache\65918aceb1ea64be086ba5b6b947d35c\00045.jpg)
[DisplayManager] DisplayImages(startIndex=46, DisplayCount=2, ImagePaths.Count=167)
[DisplayManager] pictureBoxes.Length=2, count=2
[DisplayManager] cols=2, count=2
[DisplayManager] i=0, imgIdx=47, imagePath=00048.jpg
[DisplayManager] LoadImageIntoPictureBox(imagePath=C:\Users\fc3c1\AppData\Local\MangaViewer\CBZCache\65918aceb1ea64be086ba5b6b947d35c\00048.jpg)
[DisplayManager] i=1, imgIdx=46, imagePath=00047.jpg
[DisplayManager] LoadImageIntoPictureBox(imagePath=C:\Users\fc3c1\AppData\Local\MangaViewer\CBZCache\65918aceb1ea64be086ba5b6b947d35c\00047.jpg)
[DisplayManager] DisplayImages(startIndex=48, DisplayCount=2, ImagePaths.Count=167)
[DisplayManager] pictureBoxes.Length=2, count=2
[DisplayManager] cols=2, count=2
[DisplayManager] i=0, imgIdx=49, imagePath=00050.jpg
[DisplayManager] LoadImageIntoPictureBox(imagePath=C:\Users\fc3c1\AppData\Local\MangaViewer\CBZCache\65918aceb1ea64be086ba5b6b947d35c\00050.jpg)
[DisplayManager] i=1, imgIdx=48, imagePath=00049.jpg
[DisplayManager] LoadImageIntoPictureBox(imagePath=C:\Users\fc3c1\AppData\Local\MangaViewer\CBZCache\65918aceb1ea64be086ba5b6b947d35c\00049.jpg)
[DisplayManager] DisplayImages(startIndex=46, DisplayCount=2, ImagePaths.Count=167)
[DisplayManager] pictureBoxes.Length=2, count=2
[DisplayManager] cols=2, count=2
[DisplayManager] i=0, imgIdx=47, imagePath=00048.jpg
[DisplayManager] LoadImageIntoPictureBox(imagePath=C:\Users\fc3c1\AppData\Local\MangaViewer\CBZCache\65918aceb1ea64be086ba5b6b947d35c\00048.jpg)
[DisplayManager] i=1, imgIdx=46, imagePath=00047.jpg
[DisplayManager] LoadImageIntoPictureBox(imagePath=C:\Users\fc3c1\AppData\Local\MangaViewer\CBZCache\65918aceb1ea64be086ba5b6b947d35c\00047.jpg)
[DisplayManager] DisplayImages(startIndex=48, DisplayCount=2, ImagePaths.Count=167)
[DisplayManager] pictureBoxes.Length=2, count=2
[DisplayManager] cols=2, count=2
[DisplayManager] i=0, imgIdx=49, imagePath=00050.jpg
[DisplayManager] LoadImageIntoPictureBox(imagePath=C:\Users\fc3c1\AppData\Local\MangaViewer\CBZCache\65918aceb1ea64be086ba5b6b947d35c\00050.jpg)
[DisplayManager] i=1, imgIdx=48, imagePath=00049.jpg
[DisplayManager] LoadImageIntoPictureBox(imagePath=C:\Users\fc3c1\AppData\Local\MangaViewer\CBZCache\65918aceb1ea64be086ba5b6b947d35c\00049.jpg)
[DisplayManager] DisplayImages(startIndex=50, DisplayCount=2, ImagePaths.Count=167)
[DisplayManager] pictureBoxes.Length=2, count=2
[DisplayManager] cols=2, count=2
[DisplayManager] i=0, imgIdx=51, imagePath=00052.jpg
[DisplayManager] LoadImageIntoPictureBox(imagePath=C:\Users\fc3c1\AppData\Local\MangaViewer\CBZCache\65918aceb1ea64be086ba5b6b947d35c\00052.jpg)
[DisplayManager] i=1, imgIdx=50, imagePath=00051.jpg
[DisplayManager] LoadImageIntoPictureBox(imagePath=C:\Users\fc3c1\AppData\Local\MangaViewer\CBZCache\65918aceb1ea64be086ba5b6b947d35c\00051.jpg)
[DisplayManager] DisplayImages(startIndex=52, DisplayCount=2, ImagePaths.Count=167)
[DisplayManager] pictureBoxes.Length=2, count=2
[DisplayManager] cols=2, count=2
[DisplayManager] i=0, imgIdx=53, imagePath=00054.jpg
[DisplayManager] LoadImageIntoPictureBox(imagePath=C:\Users\fc3c1\AppData\Local\MangaViewer\CBZCache\65918aceb1ea64be086ba5b6b947d35c\00054.jpg)
[DisplayManager] i=1, imgIdx=52, imagePath=00053.jpg
[DisplayManager] LoadImageIntoPictureBox(imagePath=C:\Users\fc3c1\AppData\Local\MangaViewer\CBZCache\65918aceb1ea64be086ba5b6b947d35c\00053.jpg)
[DisplayManager] DisplayImages(startIndex=54, DisplayCount=2, ImagePaths.Count=167)
[DisplayManager] pictureBoxes.Length=2, count=2
[DisplayManager] cols=2, count=2
[DisplayManager] i=0, imgIdx=55, imagePath=00056.jpg
[DisplayManager] LoadImageIntoPictureBox(imagePath=C:\Users\fc3c1\AppData\Local\MangaViewer\CBZCache\65918aceb1ea64be086ba5b6b947d35c\00056.jpg)
[DisplayManager] i=1, imgIdx=54, imagePath=00055.jpg
[DisplayManager] LoadImageIntoPictureBox(imagePath=C:\Users\fc3c1\AppData\Local\MangaViewer\CBZCache\65918aceb1ea64be086ba5b6b947d35c\00055.jpg)
[DisplayManager] DisplayImages(startIndex=56, DisplayCount=2, ImagePaths.Count=167)
[DisplayManager] pictureBoxes.Length=2, count=2
[DisplayManager] cols=2, count=2
[DisplayManager] i=0, imgIdx=57, imagePath=00058.jpg
[DisplayManager] LoadImageIntoPictureBox(imagePath=C:\Users\fc3c1\AppData\Local\MangaViewer\CBZCache\65918aceb1ea64be086ba5b6b947d35c\00058.jpg)
[DisplayManager] i=1, imgIdx=56, imagePath=00057.jpg
[DisplayManager] LoadImageIntoPictureBox(imagePath=C:\Users\fc3c1\AppData\Local\MangaViewer\CBZCache\65918aceb1ea64be086ba5b6b947d35c\00057.jpg)
[DisplayManager] DisplayImages(startIndex=58, DisplayCount=2, ImagePaths.Count=167)
[DisplayManager] pictureBoxes.Length=2, count=2
[DisplayManager] cols=2, count=2
[DisplayManager] i=0, imgIdx=59, imagePath=00060.jpg
[DisplayManager] LoadImageIntoPictureBox(imagePath=C:\Users\fc3c1\AppData\Local\MangaViewer\CBZCache\65918aceb1ea64be086ba5b6b947d35c\00060.jpg)
[DisplayManager] i=1, imgIdx=58, imagePath=00059.jpg
[DisplayManager] LoadImageIntoPictureBox(imagePath=C:\Users\fc3c1\AppData\Local\MangaViewer\CBZCache\65918aceb1ea64be086ba5b6b947d35c\00059.jpg)
[DisplayManager] DisplayImages(startIndex=60, DisplayCount=2, ImagePaths.Count=167)
[DisplayManager] pictureBoxes.Length=2, count=2
[DisplayManager] cols=2, count=2
[DisplayManager] i=0, imgIdx=61, imagePath=00062.jpg
[DisplayManager] LoadImageIntoPictureBox(imagePath=C:\Users\fc3c1\AppData\Local\MangaViewer\CBZCache\65918aceb1ea64be086ba5b6b947d35c\00062.jpg)
[DisplayManager] i=1, imgIdx=60, imagePath=00061.jpg
[DisplayManager] LoadImageIntoPictureBox(imagePath=C:\Users\fc3c1\AppData\Local\MangaViewer\CBZCache\65918aceb1ea64be086ba5b6b947d35c\00061.jpg)
[DisplayManager] DisplayImages(startIndex=62, DisplayCount=2, ImagePaths.Count=167)
[DisplayManager] pictureBoxes.Length=2, count=2
[DisplayManager] cols=2, count=2
[DisplayManager] i=0, imgIdx=63, imagePath=00064.jpg
[DisplayManager] LoadImageIntoPictureBox(imagePath=C:\Users\fc3c1\AppData\Local\MangaViewer\CBZCache\65918aceb1ea64be086ba5b6b947d35c\00064.jpg)
[DisplayManager] i=1, imgIdx=62, imagePath=00063.jpg
[DisplayManager] LoadImageIntoPictureBox(imagePath=C:\Users\fc3c1\AppData\Local\MangaViewer\CBZCache\65918aceb1ea64be086ba5b6b947d35c\00063.jpg)
[DisplayManager] DisplayImages(startIndex=64, DisplayCount=2, ImagePaths.Count=167)
[DisplayManager] pictureBoxes.Length=2, count=2
[DisplayManager] cols=2, count=2
[DisplayManager] i=0, imgIdx=65, imagePath=00066.jpg
[DisplayManager] LoadImageIntoPictureBox(imagePath=C:\Users\fc3c1\AppData\Local\MangaViewer\CBZCache\65918aceb1ea64be086ba5b6b947d35c\00066.jpg)
[DisplayManager] i=1, imgIdx=64, imagePath=00065.jpg
[DisplayManager] LoadImageIntoPictureBox(imagePath=C:\Users\fc3c1\AppData\Local\MangaViewer\CBZCache\65918aceb1ea64be086ba5b6b947d35c\00065.jpg)
[DisplayManager] DisplayImages(startIndex=66, DisplayCount=2, ImagePaths.Count=167)
[DisplayManager] pictureBoxes.Length=2, count=2
[DisplayManager] cols=2, count=2
[DisplayManager] i=0, imgIdx=67, imagePath=00068.jpg
[DisplayManager] LoadImageIntoPictureBox(imagePath=C:\Users\fc3c1\AppData\Local\MangaViewer\CBZCache\65918aceb1ea64be086ba5b6b947d35c\00068.jpg)
[DisplayManager] i=1, imgIdx=66, imagePath=00067.jpg
[DisplayManager] LoadImageIntoPictureBox(imagePath=C:\Users\fc3c1\AppData\Local\MangaViewer\CBZCache\65918aceb1ea64be086ba5b6b947d35c\00067.jpg)
[DisplayManager] DisplayImages(startIndex=68, DisplayCount=2, ImagePaths.Count=167)
[DisplayManager] pictureBoxes.Length=2, count=2
[DisplayManager] cols=2, count=2
[DisplayManager] i=0, imgIdx=69, imagePath=00070.jpg
[DisplayManager] LoadImageIntoPictureBox(imagePath=C:\Users\fc3c1\AppData\Local\MangaViewer\CBZCache\65918aceb1ea64be086ba5b6b947d35c\00070.jpg)
[DisplayManager] i=1, imgIdx=68, imagePath=00069.jpg
[DisplayManager] LoadImageIntoPictureBox(imagePath=C:\Users\fc3c1\AppData\Local\MangaViewer\CBZCache\65918aceb1ea64be086ba5b6b947d35c\00069.jpg)
[DisplayManager] DisplayImages(startIndex=70, DisplayCount=2, ImagePaths.Count=167)
[DisplayManager] pictureBoxes.Length=2, count=2
[DisplayManager] cols=2, count=2
[DisplayManager] i=0, imgIdx=71, imagePath=00072.jpg
[DisplayManager] LoadImageIntoPictureBox(imagePath=C:\Users\fc3c1\AppData\Local\MangaViewer\CBZCache\65918aceb1ea64be086ba5b6b947d35c\00072.jpg)
[DisplayManager] i=1, imgIdx=70, imagePath=00071.jpg
[DisplayManager] LoadImageIntoPictureBox(imagePath=C:\Users\fc3c1\AppData\Local\MangaViewer\CBZCache\65918aceb1ea64be086ba5b6b947d35c\00071.jpg)
[DisplayManager] DisplayImages(startIndex=72, DisplayCount=2, ImagePaths.Count=167)
[DisplayManager] pictureBoxes.Length=2, count=2
[DisplayManager] cols=2, count=2
[DisplayManager] i=0, imgIdx=73, imagePath=00074.jpg
[DisplayManager] LoadImageIntoPictureBox(imagePath=C:\Users\fc3c1\AppData\Local\MangaViewer\CBZCache\65918aceb1ea64be086ba5b6b947d35c\00074.jpg)
[DisplayManager] i=1, imgIdx=72, imagePath=00073.jpg
[DisplayManager] LoadImageIntoPictureBox(imagePath=C:\Users\fc3c1\AppData\Local\MangaViewer\CBZCache\65918aceb1ea64be086ba5b6b947d35c\00073.jpg)
[DisplayManager] DisplayImages(startIndex=74, DisplayCount=2, ImagePaths.Count=167)
[DisplayManager] pictureBoxes.Length=2, count=2
[DisplayManager] cols=2, count=2
[DisplayManager] i=0, imgIdx=75, imagePath=00076.jpg
[DisplayManager] LoadImageIntoPictureBox(imagePath=C:\Users\fc3c1\AppData\Local\MangaViewer\CBZCache\65918aceb1ea64be086ba5b6b947d35c\00076.jpg)
[DisplayManager] i=1, imgIdx=74, imagePath=00075.jpg
[DisplayManager] LoadImageIntoPictureBox(imagePath=C:\Users\fc3c1\AppData\Local\MangaViewer\CBZCache\65918aceb1ea64be086ba5b6b947d35c\00075.jpg)
[DisplayManager] DisplayImages(startIndex=76, DisplayCount=2, ImagePaths.Count=167)
[DisplayManager] pictureBoxes.Length=2, count=2
[DisplayManager] cols=2, count=2
[DisplayManager] i=0, imgIdx=77, imagePath=00078.jpg
[DisplayManager] LoadImageIntoPictureBox(imagePath=C:\Users\fc3c1\AppData\Local\MangaViewer\CBZCache\65918aceb1ea64be086ba5b6b947d35c\00078.jpg)
[DisplayManager] i=1, imgIdx=76, imagePath=00077.jpg
[DisplayManager] LoadImageIntoPictureBox(imagePath=C:\Users\fc3c1\AppData\Local\MangaViewer\CBZCache\65918aceb1ea64be086ba5b6b947d35c\00077.jpg)
[DisplayManager] DisplayImages(startIndex=78, DisplayCount=2, ImagePaths.Count=167)
[DisplayManager] pictureBoxes.Length=2, count=2
[DisplayManager] cols=2, count=2
[DisplayManager] i=0, imgIdx=79, imagePath=00080.jpg
[DisplayManager] LoadImageIntoPictureBox(imagePath=C:\Users\fc3c1\AppData\Local\MangaViewer\CBZCache\65918aceb1ea64be086ba5b6b947d35c\00080.jpg)
[DisplayManager] i=1, imgIdx=78, imagePath=00079.jpg
[DisplayManager] LoadImageIntoPictureBox(imagePath=C:\Users\fc3c1\AppData\Local\MangaViewer\CBZCache\65918aceb1ea64be086ba5b6b947d35c\00079.jpg)
[DisplayManager] DisplayImages(startIndex=80, DisplayCount=2, ImagePaths.Count=167)
[DisplayManager] pictureBoxes.Length=2, count=2
[DisplayManager] cols=2, count=2
[DisplayManager] i=0, imgIdx=81, imagePath=00082.jpg
[DisplayManager] LoadImageIntoPictureBox(imagePath=C:\Users\fc3c1\AppData\Local\MangaViewer\CBZCache\65918aceb1ea64be086ba5b6b947d35c\00082.jpg)
[DisplayManager] i=1, imgIdx=80, imagePath=00081.jpg
[DisplayManager] LoadImageIntoPictureBox(imagePath=C:\Users\fc3c1\AppData\Local\MangaViewer\CBZCache\65918aceb1ea64be086ba5b6b947d35c\00081.jpg)
[DisplayManager] DisplayImages(startIndex=82, DisplayCount=2, ImagePaths.Count=167)
[DisplayManager] pictureBoxes.Length=2, count=2
[DisplayManager] cols=2, count=2
[DisplayManager] i=0, imgIdx=83, imagePath=00084.jpg
[DisplayManager] LoadImageIntoPictureBox(imagePath=C:\Users\fc3c1\AppData\Local\MangaViewer\CBZCache\65918aceb1ea64be086ba5b6b947d35c\00084.jpg)
[DisplayManager] i=1, imgIdx=82, imagePath=00083.jpg
[DisplayManager] LoadImageIntoPictureBox(imagePath=C:\Users\fc3c1\AppData\Local\MangaViewer\CBZCache\65918aceb1ea64be086ba5b6b947d35c\00083.jpg)
[DisplayManager] DisplayImages(startIndex=84, DisplayCount=2, ImagePaths.Count=167)
[DisplayManager] pictureBoxes.Length=2, count=2
[DisplayManager] cols=2, count=2
[DisplayManager] i=0, imgIdx=85, imagePath=00086.jpg
[DisplayManager] LoadImageIntoPictureBox(imagePath=C:\Users\fc3c1\AppData\Local\MangaViewer\CBZCache\65918aceb1ea64be086ba5b6b947d35c\00086.jpg)
[DisplayManager] i=1, imgIdx=84, imagePath=00085.jpg
[DisplayManager] LoadImageIntoPictureBox(imagePath=C:\Users\fc3c1\AppData\Local\MangaViewer\CBZCache\65918aceb1ea64be086ba5b6b947d35c\00085.jpg)
[DisplayManager] DisplayImages(startIndex=86, DisplayCount=2, ImagePaths.Count=167)
[DisplayManager] pictureBoxes.Length=2, count=2
[DisplayManager] cols=2, count=2
[DisplayManager] i=0, imgIdx=87, imagePath=00088.jpg
[DisplayManager] LoadImageIntoPictureBox(imagePath=C:\Users\fc3c1\AppData\Local\MangaViewer\CBZCache\65918aceb1ea64be086ba5b6b947d35c\00088.jpg)
[DisplayManager] i=1, imgIdx=86, imagePath=00087.jpg
[DisplayManager] LoadImageIntoPictureBox(imagePath=C:\Users\fc3c1\AppData\Local\MangaViewer\CBZCache\65918aceb1ea64be086ba5b6b947d35c\00087.jpg)
[DisplayManager] DisplayImages(startIndex=88, DisplayCount=2, ImagePaths.Count=167)
[DisplayManager] pictureBoxes.Length=2, count=2
[DisplayManager] cols=2, count=2
[DisplayManager] i=0, imgIdx=89, imagePath=00090.jpg
[DisplayManager] LoadImageIntoPictureBox(imagePath=C:\Users\fc3c1\AppData\Local\MangaViewer\CBZCache\65918aceb1ea64be086ba5b6b947d35c\00090.jpg)
[DisplayManager] i=1, imgIdx=88, imagePath=00089.jpg
[DisplayManager] LoadImageIntoPictureBox(imagePath=C:\Users\fc3c1\AppData\Local\MangaViewer\CBZCache\65918aceb1ea64be086ba5b6b947d35c\00089.jpg)
[DisplayManager] DisplayImages(startIndex=90, DisplayCount=2, ImagePaths.Count=167)
[DisplayManager] pictureBoxes.Length=2, count=2
[DisplayManager] cols=2, count=2
[DisplayManager] i=0, imgIdx=91, imagePath=00092.jpg
[DisplayManager] LoadImageIntoPictureBox(imagePath=C:\Users\fc3c1\AppData\Local\MangaViewer\CBZCache\65918aceb1ea64be086ba5b6b947d35c\00092.jpg)
[DisplayManager] i=1, imgIdx=90, imagePath=00091.jpg
[DisplayManager] LoadImageIntoPictureBox(imagePath=C:\Users\fc3c1\AppData\Local\MangaViewer\CBZCache\65918aceb1ea64be086ba5b6b947d35c\00091.jpg)
[DisplayManager] DisplayImages(startIndex=92, DisplayCount=2, ImagePaths.Count=167)
[DisplayManager] pictureBoxes.Length=2, count=2
[DisplayManager] cols=2, count=2
[DisplayManager] i=0, imgIdx=93, imagePath=00094.jpg
[DisplayManager] LoadImageIntoPictureBox(imagePath=C:\Users\fc3c1\AppData\Local\MangaViewer\CBZCache\65918aceb1ea64be086ba5b6b947d35c\00094.jpg)
[DisplayManager] i=1, imgIdx=92, imagePath=00093.jpg
[DisplayManager] LoadImageIntoPictureBox(imagePath=C:\Users\fc3c1\AppData\Local\MangaViewer\CBZCache\65918aceb1ea64be086ba5b6b947d35c\00093.jpg)
[DisplayManager] DisplayImages(startIndex=94, DisplayCount=2, ImagePaths.Count=167)
[DisplayManager] pictureBoxes.Length=2, count=2
[DisplayManager] cols=2, count=2
[DisplayManager] i=0, imgIdx=95, imagePath=00096.jpg
[DisplayManager] LoadImageIntoPictureBox(imagePath=C:\Users\fc3c1\AppData\Local\MangaViewer\CBZCache\65918aceb1ea64be086ba5b6b947d35c\00096.jpg)
[DisplayManager] i=1, imgIdx=94, imagePath=00095.jpg
[DisplayManager] LoadImageIntoPictureBox(imagePath=C:\Users\fc3c1\AppData\Local\MangaViewer\CBZCache\65918aceb1ea64be086ba5b6b947d35c\00095.jpg)
[DisplayManager] DisplayImages(startIndex=96, DisplayCount=2, ImagePaths.Count=167)
[DisplayManager] pictureBoxes.Length=2, count=2
[DisplayManager] cols=2, count=2
[DisplayManager] i=0, imgIdx=97, imagePath=00098.jpg
[DisplayManager] LoadImageIntoPictureBox(imagePath=C:\Users\fc3c1\AppData\Local\MangaViewer\CBZCache\65918aceb1ea64be086ba5b6b947d35c\00098.jpg)
[DisplayManager] i=1, imgIdx=96, imagePath=00097.jpg
[DisplayManager] LoadImageIntoPictureBox(imagePath=C:\Users\fc3c1\AppData\Local\MangaViewer\CBZCache\65918aceb1ea64be086ba5b6b947d35c\00097.jpg)
[DisplayManager] DisplayImages(startIndex=98, DisplayCount=2, ImagePaths.Count=167)
[DisplayManager] pictureBoxes.Length=2, count=2
[DisplayManager] cols=2, count=2
[DisplayManager] i=0, imgIdx=99, imagePath=00100.jpg
[DisplayManager] LoadImageIntoPictureBox(imagePath=C:\Users\fc3c1\AppData\Local\MangaViewer\CBZCache\65918aceb1ea64be086ba5b6b947d35c\00100.jpg)
[DisplayManager] i=1, imgIdx=98, imagePath=00099.jpg
[DisplayManager] LoadImageIntoPictureBox(imagePath=C:\Users\fc3c1\AppData\Local\MangaViewer\CBZCache\65918aceb1ea64be086ba5b6b947d35c\00099.jpg)
[DisplayManager] DisplayImages(startIndex=100, DisplayCount=2, ImagePaths.Count=167)
[DisplayManager] pictureBoxes.Length=2, count=2
[DisplayManager] cols=2, count=2
[DisplayManager] i=0, imgIdx=101, imagePath=00102.jpg
[DisplayManager] LoadImageIntoPictureBox(imagePath=C:\Users\fc3c1\AppData\Local\MangaViewer\CBZCache\65918aceb1ea64be086ba5b6b947d35c\00102.jpg)
[DisplayManager] i=1, imgIdx=100, imagePath=00101.jpg
[DisplayManager] LoadImageIntoPictureBox(imagePath=C:\Users\fc3c1\AppData\Local\MangaViewer\CBZCache\65918aceb1ea64be086ba5b6b947d35c\00101.jpg)
[DisplayManager] DisplayImages(startIndex=102, DisplayCount=2, ImagePaths.Count=167)
[DisplayManager] pictureBoxes.Length=2, count=2
[DisplayManager] cols=2, count=2
[DisplayManager] i=0, imgIdx=103, imagePath=00104.jpg
[DisplayManager] LoadImageIntoPictureBox(imagePath=C:\Users\fc3c1\AppData\Local\MangaViewer\CBZCache\65918aceb1ea64be086ba5b6b947d35c\00104.jpg)
[DisplayManager] i=1, imgIdx=102, imagePath=00103.jpg
[DisplayManager] LoadImageIntoPictureBox(imagePath=C:\Users\fc3c1\AppData\Local\MangaViewer\CBZCache\65918aceb1ea64be086ba5b6b947d35c\00103.jpg)
[DisplayManager] DisplayImages(startIndex=104, DisplayCount=2, ImagePaths.Count=167)
[DisplayManager] pictureBoxes.Length=2, count=2
[DisplayManager] cols=2, count=2
[DisplayManager] i=0, imgIdx=105, imagePath=00106.jpg
[DisplayManager] LoadImageIntoPictureBox(imagePath=C:\Users\fc3c1\AppData\Local\MangaViewer\CBZCache\65918aceb1ea64be086ba5b6b947d35c\00106.jpg)
[DisplayManager] i=1, imgIdx=104, imagePath=00105.jpg
[DisplayManager] LoadImageIntoPictureBox(imagePath=C:\Users\fc3c1\AppData\Local\MangaViewer\CBZCache\65918aceb1ea64be086ba5b6b947d35c\00105.jpg)
[DisplayManager] DisplayImages(startIndex=106, DisplayCount=2, ImagePaths.Count=167)
[DisplayManager] pictureBoxes.Length=2, count=2
[DisplayManager] cols=2, count=2
[DisplayManager] i=0, imgIdx=107, imagePath=00108.jpg
[DisplayManager] LoadImageIntoPictureBox(imagePath=C:\Users\fc3c1\AppData\Local\MangaViewer\CBZCache\65918aceb1ea64be086ba5b6b947d35c\00108.jpg)
[DisplayManager] i=1, imgIdx=106, imagePath=00107.jpg
[DisplayManager] LoadImageIntoPictureBox(imagePath=C:\Users\fc3c1\AppData\Local\MangaViewer\CBZCache\65918aceb1ea64be086ba5b6b947d35c\00107.jpg)
[DisplayManager] DisplayImages(startIndex=104, DisplayCount=2, ImagePaths.Count=167)
[DisplayManager] pictureBoxes.Length=2, count=2
[DisplayManager] cols=2, count=2
[DisplayManager] i=0, imgIdx=105, imagePath=00106.jpg
[DisplayManager] LoadImageIntoPictureBox(imagePath=C:\Users\fc3c1\AppData\Local\MangaViewer\CBZCache\65918aceb1ea64be086ba5b6b947d35c\00106.jpg)
[DisplayManager] i=1, imgIdx=104, imagePath=00105.jpg
[DisplayManager] LoadImageIntoPictureBox(imagePath=C:\Users\fc3c1\AppData\Local\MangaViewer\CBZCache\65918aceb1ea64be086ba5b6b947d35c\00105.jpg)
[DisplayManager] DisplayImages(startIndex=106, DisplayCount=2, ImagePaths.Count=167)
[DisplayManager] pictureBoxes.Length=2, count=2
[DisplayManager] cols=2, count=2
[DisplayManager] i=0, imgIdx=107, imagePath=00108.jpg
[DisplayManager] LoadImageIntoPictureBox(imagePath=C:\Users\fc3c1\AppData\Local\MangaViewer\CBZCache\65918aceb1ea64be086ba5b6b947d35c\00108.jpg)
[DisplayManager] i=1, imgIdx=106, imagePath=00107.jpg
[DisplayManager] LoadImageIntoPictureBox(imagePath=C:\Users\fc3c1\AppData\Local\MangaViewer\CBZCache\65918aceb1ea64be086ba5b6b947d35c\00107.jpg)
[DisplayManager] DisplayImages(startIndex=108, DisplayCount=2, ImagePaths.Count=167)
[DisplayManager] pictureBoxes.Length=2, count=2
[DisplayManager] cols=2, count=2
[DisplayManager] i=0, imgIdx=109, imagePath=00110.jpg
[DisplayManager] LoadImageIntoPictureBox(imagePath=C:\Users\fc3c1\AppData\Local\MangaViewer\CBZCache\65918aceb1ea64be086ba5b6b947d35c\00110.jpg)
[DisplayManager] i=1, imgIdx=108, imagePath=00109.jpg
[DisplayManager] LoadImageIntoPictureBox(imagePath=C:\Users\fc3c1\AppData\Local\MangaViewer\CBZCache\65918aceb1ea64be086ba5b6b947d35c\00109.jpg)
[DisplayManager] DisplayImages(startIndex=110, DisplayCount=2, ImagePaths.Count=167)
[DisplayManager] pictureBoxes.Length=2, count=2
[DisplayManager] cols=2, count=2
[DisplayManager] i=0, imgIdx=111, imagePath=00112.jpg
[DisplayManager] LoadImageIntoPictureBox(imagePath=C:\Users\fc3c1\AppData\Local\MangaViewer\CBZCache\65918aceb1ea64be086ba5b6b947d35c\00112.jpg)
[DisplayManager] i=1, imgIdx=110, imagePath=00111.jpg
[DisplayManager] LoadImageIntoPictureBox(imagePath=C:\Users\fc3c1\AppData\Local\MangaViewer\CBZCache\65918aceb1ea64be086ba5b6b947d35c\00111.jpg)
[DisplayManager] DisplayImages(startIndex=112, DisplayCount=2, ImagePaths.Count=167)
[DisplayManager] pictureBoxes.Length=2, count=2
[DisplayManager] cols=2, count=2
[DisplayManager] i=0, imgIdx=113, imagePath=00114.jpg
[DisplayManager] LoadImageIntoPictureBox(imagePath=C:\Users\fc3c1\AppData\Local\MangaViewer\CBZCache\65918aceb1ea64be086ba5b6b947d35c\00114.jpg)
[DisplayManager] i=1, imgIdx=112, imagePath=00113.jpg
[DisplayManager] LoadImageIntoPictureBox(imagePath=C:\Users\fc3c1\AppData\Local\MangaViewer\CBZCache\65918aceb1ea64be086ba5b6b947d35c\00113.jpg)
[DisplayManager] DisplayImages(startIndex=114, DisplayCount=2, ImagePaths.Count=167)
[DisplayManager] pictureBoxes.Length=2, count=2
[DisplayManager] cols=2, count=2
[DisplayManager] i=0, imgIdx=115, imagePath=00116.jpg
[DisplayManager] LoadImageIntoPictureBox(imagePath=C:\Users\fc3c1\AppData\Local\MangaViewer\CBZCache\65918aceb1ea64be086ba5b6b947d35c\00116.jpg)
[DisplayManager] i=1, imgIdx=114, imagePath=00115.jpg
[DisplayManager] LoadImageIntoPictureBox(imagePath=C:\Users\fc3c1\AppData\Local\MangaViewer\CBZCache\65918aceb1ea64be086ba5b6b947d35c\00115.jpg)
[DisplayManager] DisplayImages(startIndex=116, DisplayCount=2, ImagePaths.Count=167)
[DisplayManager] pictureBoxes.Length=2, count=2
[DisplayManager] cols=2, count=2
[DisplayManager] i=0, imgIdx=117, imagePath=00118.jpg
[DisplayManager] LoadImageIntoPictureBox(imagePath=C:\Users\fc3c1\AppData\Local\MangaViewer\CBZCache\65918aceb1ea64be086ba5b6b947d35c\00118.jpg)
[DisplayManager] i=1, imgIdx=116, imagePath=00117.jpg
[DisplayManager] LoadImageIntoPictureBox(imagePath=C:\Users\fc3c1\AppData\Local\MangaViewer\CBZCache\65918aceb1ea64be086ba5b6b947d35c\00117.jpg)
[DisplayManager] DisplayImages(startIndex=114, DisplayCount=2, ImagePaths.Count=167)
[DisplayManager] pictureBoxes.Length=2, count=2
[DisplayManager] cols=2, count=2
[DisplayManager] i=0, imgIdx=115, imagePath=00116.jpg
[DisplayManager] LoadImageIntoPictureBox(imagePath=C:\Users\fc3c1\AppData\Local\MangaViewer\CBZCache\65918aceb1ea64be086ba5b6b947d35c\00116.jpg)
[DisplayManager] i=1, imgIdx=114, imagePath=00115.jpg
[DisplayManager] LoadImageIntoPictureBox(imagePath=C:\Users\fc3c1\AppData\Local\MangaViewer\CBZCache\65918aceb1ea64be086ba5b6b947d35c\00115.jpg)
[DisplayManager] DisplayImages(startIndex=116, DisplayCount=2, ImagePaths.Count=167)
[DisplayManager] pictureBoxes.Length=2, count=2
[DisplayManager] cols=2, count=2
[DisplayManager] i=0, imgIdx=117, imagePath=00118.jpg
[DisplayManager] LoadImageIntoPictureBox(imagePath=C:\Users\fc3c1\AppData\Local\MangaViewer\CBZCache\65918aceb1ea64be086ba5b6b947d35c\00118.jpg)
[DisplayManager] i=1, imgIdx=116, imagePath=00117.jpg
[DisplayManager] LoadImageIntoPictureBox(imagePath=C:\Users\fc3c1\AppData\Local\MangaViewer\CBZCache\65918aceb1ea64be086ba5b6b947d35c\00117.jpg)
[DisplayManager] DisplayImages(startIndex=118, DisplayCount=2, ImagePaths.Count=167)
[DisplayManager] pictureBoxes.Length=2, count=2
[DisplayManager] cols=2, count=2
[DisplayManager] i=0, imgIdx=119, imagePath=00120.jpg
[DisplayManager] LoadImageIntoPictureBox(imagePath=C:\Users\fc3c1\AppData\Local\MangaViewer\CBZCache\65918aceb1ea64be086ba5b6b947d35c\00120.jpg)
[DisplayManager] i=1, imgIdx=118, imagePath=00119.jpg
[DisplayManager] LoadImageIntoPictureBox(imagePath=C:\Users\fc3c1\AppData\Local\MangaViewer\CBZCache\65918aceb1ea64be086ba5b6b947d35c\00119.jpg)
[DisplayManager] DisplayImages(startIndex=120, DisplayCount=2, ImagePaths.Count=167)
[DisplayManager] pictureBoxes.Length=2, count=2
[DisplayManager] cols=2, count=2
[DisplayManager] i=0, imgIdx=121, imagePath=00122.jpg
[DisplayManager] LoadImageIntoPictureBox(imagePath=C:\Users\fc3c1\AppData\Local\MangaViewer\CBZCache\65918aceb1ea64be086ba5b6b947d35c\00122.jpg)
[DisplayManager] i=1, imgIdx=120, imagePath=00121.jpg
[DisplayManager] LoadImageIntoPictureBox(imagePath=C:\Users\fc3c1\AppData\Local\MangaViewer\CBZCache\65918aceb1ea64be086ba5b6b947d35c\00121.jpg)
[DisplayManager] DisplayImages(startIndex=122, DisplayCount=2, ImagePaths.Count=167)
[DisplayManager] pictureBoxes.Length=2, count=2
[DisplayManager] cols=2, count=2
[DisplayManager] i=0, imgIdx=123, imagePath=00124.jpg
[DisplayManager] LoadImageIntoPictureBox(imagePath=C:\Users\fc3c1\AppData\Local\MangaViewer\CBZCache\65918aceb1ea64be086ba5b6b947d35c\00124.jpg)
[DisplayManager] i=1, imgIdx=122, imagePath=00123.jpg
[DisplayManager] LoadImageIntoPictureBox(imagePath=C:\Users\fc3c1\AppData\Local\MangaViewer\CBZCache\65918aceb1ea64be086ba5b6b947d35c\00123.jpg)
[DisplayManager] DisplayImages(startIndex=124, DisplayCount=2, ImagePaths.Count=167)
[DisplayManager] pictureBoxes.Length=2, count=2
[DisplayManager] cols=2, count=2
[DisplayManager] i=0, imgIdx=125, imagePath=00126.jpg
[DisplayManager] LoadImageIntoPictureBox(imagePath=C:\Users\fc3c1\AppData\Local\MangaViewer\CBZCache\65918aceb1ea64be086ba5b6b947d35c\00126.jpg)
[DisplayManager] i=1, imgIdx=124, imagePath=00125.jpg
[DisplayManager] LoadImageIntoPictureBox(imagePath=C:\Users\fc3c1\AppData\Local\MangaViewer\CBZCache\65918aceb1ea64be086ba5b6b947d35c\00125.jpg)
[DisplayManager] DisplayImages(startIndex=126, DisplayCount=2, ImagePaths.Count=167)
[DisplayManager] pictureBoxes.Length=2, count=2
[DisplayManager] cols=2, count=2
[DisplayManager] i=0, imgIdx=127, imagePath=00128.jpg
[DisplayManager] LoadImageIntoPictureBox(imagePath=C:\Users\fc3c1\AppData\Local\MangaViewer\CBZCache\65918aceb1ea64be086ba5b6b947d35c\00128.jpg)
[DisplayManager] i=1, imgIdx=126, imagePath=00127.jpg
[DisplayManager] LoadImageIntoPictureBox(imagePath=C:\Users\fc3c1\AppData\Local\MangaViewer\CBZCache\65918aceb1ea64be086ba5b6b947d35c\00127.jpg)
[DisplayManager] DisplayImages(startIndex=128, DisplayCount=2, ImagePaths.Count=167)
[DisplayManager] pictureBoxes.Length=2, count=2
[DisplayManager] cols=2, count=2
[DisplayManager] i=0, imgIdx=129, imagePath=00130.jpg
[DisplayManager] LoadImageIntoPictureBox(imagePath=C:\Users\fc3c1\AppData\Local\MangaViewer\CBZCache\65918aceb1ea64be086ba5b6b947d35c\00130.jpg)
[DisplayManager] i=1, imgIdx=128, imagePath=00129.jpg
[DisplayManager] LoadImageIntoPictureBox(imagePath=C:\Users\fc3c1\AppData\Local\MangaViewer\CBZCache\65918aceb1ea64be086ba5b6b947d35c\00129.jpg)
[DisplayManager] DisplayImages(startIndex=130, DisplayCount=2, ImagePaths.Count=167)
[DisplayManager] pictureBoxes.Length=2, count=2
[DisplayManager] cols=2, count=2
[DisplayManager] i=0, imgIdx=131, imagePath=00132.jpg
[DisplayManager] LoadImageIntoPictureBox(imagePath=C:\Users\fc3c1\AppData\Local\MangaViewer\CBZCache\65918aceb1ea64be086ba5b6b947d35c\00132.jpg)
[DisplayManager] i=1, imgIdx=130, imagePath=00131.jpg
[DisplayManager] LoadImageIntoPictureBox(imagePath=C:\Users\fc3c1\AppData\Local\MangaViewer\CBZCache\65918aceb1ea64be086ba5b6b947d35c\00131.jpg)
[DisplayManager] DisplayImages(startIndex=132, DisplayCount=2, ImagePaths.Count=167)
[DisplayManager] pictureBoxes.Length=2, count=2
[DisplayManager] cols=2, count=2
[DisplayManager] i=0, imgIdx=133, imagePath=00134.jpg
[DisplayManager] LoadImageIntoPictureBox(imagePath=C:\Users\fc3c1\AppData\Local\MangaViewer\CBZCache\65918aceb1ea64be086ba5b6b947d35c\00134.jpg)
[DisplayManager] i=1, imgIdx=132, imagePath=00133.jpg
[DisplayManager] LoadImageIntoPictureBox(imagePath=C:\Users\fc3c1\AppData\Local\MangaViewer\CBZCache\65918aceb1ea64be086ba5b6b947d35c\00133.jpg)
[DisplayManager] DisplayImages(startIndex=134, DisplayCount=2, ImagePaths.Count=167)
[DisplayManager] pictureBoxes.Length=2, count=2
[DisplayManager] cols=2, count=2
[DisplayManager] i=0, imgIdx=135, imagePath=00136.jpg
[DisplayManager] LoadImageIntoPictureBox(imagePath=C:\Users\fc3c1\AppData\Local\MangaViewer\CBZCache\65918aceb1ea64be086ba5b6b947d35c\00136.jpg)
[DisplayManager] i=1, imgIdx=134, imagePath=00135.jpg
[DisplayManager] LoadImageIntoPictureBox(imagePath=C:\Users\fc3c1\AppData\Local\MangaViewer\CBZCache\65918aceb1ea64be086ba5b6b947d35c\00135.jpg)
[DisplayManager] DisplayImages(startIndex=132, DisplayCount=2, ImagePaths.Count=167)
[DisplayManager] pictureBoxes.Length=2, count=2
[DisplayManager] cols=2, count=2
[DisplayManager] i=0, imgIdx=133, imagePath=00134.jpg
[DisplayManager] LoadImageIntoPictureBox(imagePath=C:\Users\fc3c1\AppData\Local\MangaViewer\CBZCache\65918aceb1ea64be086ba5b6b947d35c\00134.jpg)
[DisplayManager] i=1, imgIdx=132, imagePath=00133.jpg
[DisplayManager] LoadImageIntoPictureBox(imagePath=C:\Users\fc3c1\AppData\Local\MangaViewer\CBZCache\65918aceb1ea64be086ba5b6b947d35c\00133.jpg)
[DisplayManager] DisplayImages(startIndex=134, DisplayCount=2, ImagePaths.Count=167)
[DisplayManager] pictureBoxes.Length=2, count=2
[DisplayManager] cols=2, count=2
[DisplayManager] i=0, imgIdx=135, imagePath=00136.jpg
[DisplayManager] LoadImageIntoPictureBox(imagePath=C:\Users\fc3c1\AppData\Local\MangaViewer\CBZCache\65918aceb1ea64be086ba5b6b947d35c\00136.jpg)
[DisplayManager] i=1, imgIdx=134, imagePath=00135.jpg
[DisplayManager] LoadImageIntoPictureBox(imagePath=C:\Users\fc3c1\AppData\Local\MangaViewer\CBZCache\65918aceb1ea64be086ba5b6b947d35c\00135.jpg)
[DisplayManager] DisplayImages(startIndex=136, DisplayCount=2, ImagePaths.Count=167)
[DisplayManager] pictureBoxes.Length=2, count=2
[DisplayManager] cols=2, count=2
[DisplayManager] i=0, imgIdx=137, imagePath=00138.jpg
[DisplayManager] LoadImageIntoPictureBox(imagePath=C:\Users\fc3c1\AppData\Local\MangaViewer\CBZCache\65918aceb1ea64be086ba5b6b947d35c\00138.jpg)
[DisplayManager] i=1, imgIdx=136, imagePath=00137.jpg
[DisplayManager] LoadImageIntoPictureBox(imagePath=C:\Users\fc3c1\AppData\Local\MangaViewer\CBZCache\65918aceb1ea64be086ba5b6b947d35c\00137.jpg)
[DisplayManager] DisplayImages(startIndex=138, DisplayCount=2, ImagePaths.Count=167)
[DisplayManager] pictureBoxes.Length=2, count=2
[DisplayManager] cols=2, count=2
[DisplayManager] i=0, imgIdx=139, imagePath=00140.jpg
[DisplayManager] LoadImageIntoPictureBox(imagePath=C:\Users\fc3c1\AppData\Local\MangaViewer\CBZCache\65918aceb1ea64be086ba5b6b947d35c\00140.jpg)
[DisplayManager] i=1, imgIdx=138, imagePath=00139.jpg
[DisplayManager] LoadImageIntoPictureBox(imagePath=C:\Users\fc3c1\AppData\Local\MangaViewer\CBZCache\65918aceb1ea64be086ba5b6b947d35c\00139.jpg)
[DisplayManager] DisplayImages(startIndex=140, DisplayCount=2, ImagePaths.Count=167)
[DisplayManager] pictureBoxes.Length=2, count=2
[DisplayManager] cols=2, count=2
[DisplayManager] i=0, imgIdx=141, imagePath=00142.jpg
[DisplayManager] LoadImageIntoPictureBox(imagePath=C:\Users\fc3c1\AppData\Local\MangaViewer\CBZCache\65918aceb1ea64be086ba5b6b947d35c\00142.jpg)
[DisplayManager] i=1, imgIdx=140, imagePath=00141.jpg
[DisplayManager] LoadImageIntoPictureBox(imagePath=C:\Users\fc3c1\AppData\Local\MangaViewer\CBZCache\65918aceb1ea64be086ba5b6b947d35c\00141.jpg)
[DisplayManager] DisplayImages(startIndex=0, DisplayCount=2, ImagePaths.Count=1919)
[DisplayManager] pictureBoxes.Length=2, count=2
[DisplayManager] cols=2, count=2
[DisplayManager] i=0, imgIdx=1, imagePath=00001.jpg
[DisplayManager] LoadImageIntoPictureBox(imagePath=C:\Users\fc3c1\AppData\Local\MangaViewer\CBZCache\3785aa2067e17691625dd0940617277e\00001.jpg)
[DisplayManager] i=1, imgIdx=0, imagePath=large_140801.jpg
[DisplayManager] LoadImageIntoPictureBox(imagePath=O:\NEW\[江口連×双葉もも] とんでもスキルで異世界放浪メシ 再再スキャン\large_140801.jpg)
[DisplayManager] DisplayImages(startIndex=0, DisplayCount=2, ImagePaths.Count=167)
[DisplayManager] pictureBoxes.Length=2, count=2
[DisplayManager] cols=2, count=2
[DisplayManager] i=0, imgIdx=1, imagePath=00002.jpg
[DisplayManager] LoadImageIntoPictureBox(imagePath=C:\Users\fc3c1\AppData\Local\MangaViewer\CBZCache\77f64cd7ef5596a437c76fe9db330d4e\00002.jpg)
[DisplayManager] i=1, imgIdx=0, imagePath=00001.jpg
[DisplayManager] LoadImageIntoPictureBox(imagePath=C:\Users\fc3c1\AppData\Local\MangaViewer\CBZCache\77f64cd7ef5596a437c76fe9db330d4e\00001.jpg)
[DisplayManager] DisplayImages(startIndex=0, DisplayCount=2, ImagePaths.Count=167)
[DisplayManager] pictureBoxes.Length=2, count=2
[DisplayManager] cols=2, count=2
[DisplayManager] i=0, imgIdx=1, imagePath=00002.jpg
[DisplayManager] LoadImageIntoPictureBox(imagePath=C:\Users\fc3c1\AppData\Local\MangaViewer\CBZCache\35d157c1922092a006a2c633c2e7a6d7\00002.jpg)
[DisplayManager] i=1, imgIdx=0, imagePath=00001.jpg
[DisplayManager] LoadImageIntoPictureBox(imagePath=C:\Users\fc3c1\AppData\Local\MangaViewer\CBZCache\35d157c1922092a006a2c633c2e7a6d7\00001.jpg)
[DisplayManager] DisplayImages(startIndex=0, DisplayCount=2, ImagePaths.Count=167)
[DisplayManager] pictureBoxes.Length=2, count=2
[DisplayManager] cols=2, count=2
[DisplayManager] i=0, imgIdx=1, imagePath=00002.jpg
[DisplayManager] LoadImageIntoPictureBox(imagePath=C:\Users\fc3c1\AppData\Local\MangaViewer\CBZCache\65918aceb1ea64be086ba5b6b947d35c\00002.jpg)
[DisplayManager] i=1, imgIdx=0, imagePath=00001.jpg
[DisplayManager] LoadImageIntoPictureBox(imagePath=C:\Users\fc3c1\AppData\Local\MangaViewer\CBZCache\65918aceb1ea64be086ba5b6b947d35c\00001.jpg)
[DisplayManager] DisplayImages(startIndex=0, DisplayCount=2, ImagePaths.Count=1919)
[DisplayManager] pictureBoxes.Length=2, count=2
[DisplayManager] cols=2, count=2
[DisplayManager] i=0, imgIdx=1, imagePath=00001.jpg
[DisplayManager] LoadImageIntoPictureBox(imagePath=C:\Users\fc3c1\AppData\Local\MangaViewer\CBZCache\3785aa2067e17691625dd0940617277e\00001.jpg)
[DisplayManager] i=1, imgIdx=0, imagePath=large_140801.jpg
[DisplayManager] LoadImageIntoPictureBox(imagePath=O:\NEW\[江口連×双葉もも] とんでもスキルで異世界放浪メシ 再再スキャン\large_140801.jpg)
[DisplayManager] DisplayImages(startIndex=0, DisplayCount=2, ImagePaths.Count=1919)
[DisplayManager] pictureBoxes.Length=2, count=2
[DisplayManager] cols=2, count=2
[DisplayManager] i=0, imgIdx=1, imagePath=00001.jpg
[DisplayManager] LoadImageIntoPictureBox(imagePath=C:\Users\fc3c1\AppData\Local\MangaViewer\CBZCache\3785aa2067e17691625dd0940617277e\00001.jpg)
[DisplayManager] i=1, imgIdx=0, imagePath=large_140801.jpg
[DisplayManager] LoadImageIntoPictureBox(imagePath=O:\NEW\[江口連×双葉もも] とんでもスキルで異世界放浪メシ 再再スキャン\large_140801.jpg)
[DisplayManager] DisplayImages(startIndex=0, DisplayCount=2, ImagePaths.Count=1919)
[DisplayManager] pictureBoxes.Length=2, count=2
[DisplayManager] cols=2, count=2
[DisplayManager] i=0, imgIdx=1, imagePath=00001.jpg
[DisplayManager] LoadImageIntoPictureBox(imagePath=C:\Users\fc3c1\AppData\Local\MangaViewer\CBZCache\3785aa2067e17691625dd0940617277e\00001.jpg)
[DisplayManager] i=1, imgIdx=0, imagePath=large_140801.jpg
[DisplayManager] LoadImageIntoPictureBox(imagePath=O:\NEW\[江口連×双葉もも] とんでもスキルで異世界放浪メシ 再再スキャン\large_140801.jpg)
[DisplayManager] DisplayImages(startIndex=0, DisplayCount=8, ImagePaths.Count=1919)
[DisplayManager] pictureBoxes.Length=8, count=8
[DisplayManager] cols=4, count=8
[DisplayManager] i=0, imgIdx=3, imagePath=00003.jpg
[DisplayManager] LoadImageIntoPictureBox(imagePath=C:\Users\fc3c1\AppData\Local\MangaViewer\CBZCache\3785aa2067e17691625dd0940617277e\00003.jpg)
[DisplayManager] i=1, imgIdx=2, imagePath=00002.jpg
[DisplayManager] LoadImageIntoPictureBox(imagePath=C:\Users\fc3c1\AppData\Local\MangaViewer\CBZCache\3785aa2067e17691625dd0940617277e\00002.jpg)
[DisplayManager] i=2, imgIdx=1, imagePath=00001.jpg
[DisplayManager] LoadImageIntoPictureBox(imagePath=C:\Users\fc3c1\AppData\Local\MangaViewer\CBZCache\3785aa2067e17691625dd0940617277e\00001.jpg)
[DisplayManager] i=3, imgIdx=0, imagePath=large_140801.jpg
[DisplayManager] LoadImageIntoPictureBox(imagePath=O:\NEW\[江口連×双葉もも] とんでもスキルで異世界放浪メシ 再再スキャン\large_140801.jpg)
[DisplayManager] i=4, imgIdx=7, imagePath=00007.jpg
[DisplayManager] LoadImageIntoPictureBox(imagePath=C:\Users\fc3c1\AppData\Local\MangaViewer\CBZCache\3785aa2067e17691625dd0940617277e\00007.jpg)
[DisplayManager] i=5, imgIdx=6, imagePath=00006.jpg
[DisplayManager] LoadImageIntoPictureBox(imagePath=C:\Users\fc3c1\AppData\Local\MangaViewer\CBZCache\3785aa2067e17691625dd0940617277e\00006.jpg)
[DisplayManager] i=6, imgIdx=5, imagePath=00005.jpg
[DisplayManager] LoadImageIntoPictureBox(imagePath=C:\Users\fc3c1\AppData\Local\MangaViewer\CBZCache\3785aa2067e17691625dd0940617277e\00005.jpg)
[DisplayManager] i=7, imgIdx=4, imagePath=00004.jpg
[DisplayManager] LoadImageIntoPictureBox(imagePath=C:\Users\fc3c1\AppData\Local\MangaViewer\CBZCache\3785aa2067e17691625dd0940617277e\00004.jpg)
[DisplayManager] DisplayImages(startIndex=0, DisplayCount=2, ImagePaths.Count=1919)
[DisplayManager] pictureBoxes.Length=2, count=2
[DisplayManager] cols=2, count=2
[DisplayManager] i=0, imgIdx=1, imagePath=00001.jpg
[DisplayManager] LoadImageIntoPictureBox(imagePath=C:\Users\fc3c1\AppData\Local\MangaViewer\CBZCache\3785aa2067e17691625dd0940617277e\00001.jpg)
[DisplayManager] i=1, imgIdx=0, imagePath=large_140801.jpg
[DisplayManager] LoadImageIntoPictureBox(imagePath=O:\NEW\[江口連×双葉もも] とんでもスキルで異世界放浪メシ 再再スキャン\large_140801.jpg)
